Country Name,Country Code,Series Name,Series Code,Scale (Precision),1970 [YR1970],1971 [YR1971],1972 [YR1972],1973 [YR1973],1974 [YR1974],1975 [YR1975],1976 [YR1976],1977 [YR1977],1978 [YR1978],1979 [YR1979],1980 [YR1980],1981 [YR1981],1982 [YR1982],1983 [YR1983],1984 [YR1984],1985 [YR1985],1986 [YR1986],1987 [YR1987],1988 [YR1988],1989 [YR1989],1990 [YR1990],1991 [YR1991],1992 [YR1992],1993 [YR1993],1994 [YR1994],1995 [YR1995],1996 [YR1996],1997 [YR1997],1998 [YR1998],1999 [YR1999],2000 [YR2000],2001 [YR2001],2002 [YR2002],2003 [YR2003],2004 [YR2004],2005 [YR2005],2006 [YR2006],2007 [YR2007],2008 [YR2008],2009 [YR2009],2010 [YR2010],2011 [YR2011],2012 [YR2012],2013 [YR2013],2014 [YR2014]
Afghanistan,AFG,"Gross graduation ratio from first degree programmes (ISCED 6 and 7) in tertiary education, both sexes (%)",SE.TER.CMPL.ZS,Unit (0.0),NA,NA,NA,NA,NA,NA,NA,NA,NA,NA,NA,NA,NA,NA,NA,NA,NA,NA,NA,NA,NA,NA,NA,NA,NA,NA,NA,NA,NA,NA,NA,NA,NA,NA,NA,NA,NA,NA,NA,NA,NA,NA,NA,NA,NA
Albania,ALB,"Gross graduation ratio from first degree programmes (ISCED 6 and 7) in tertiary education, both sexes (%)",SE.TER.CMPL.ZS,Unit (0.0),NA,NA,NA,NA,NA,NA,NA,NA,NA,NA,NA,NA,NA,NA,NA,NA,NA,NA,NA,NA,NA,NA,NA,NA,NA,NA,NA,NA,NA,NA,8.5,8.1,NA,9.5,NA,NA,NA,NA,NA,NA,NA,27.0,33.1,NA,NA
Algeria,DZA,"Gross graduation ratio from first degree programmes (ISCED 6 and 7) in tertiary education, both sexes (%)",SE.TER.CMPL.ZS,Unit (0.0),NA,NA,NA,NA,NA,NA,NA,NA,NA,NA,NA,NA,NA,NA,NA,NA,NA,NA,NA,NA,NA,NA,NA,NA,NA,NA,NA,NA,NA,NA,NA,NA,NA,NA,NA,NA,NA,NA,NA,NA,NA,NA,NA,NA,NA
American Samoa,ASM,"Gross graduation ratio from first degree programmes (ISCED 6 and 7) in tertiary education, both sexes (%)",SE.TER.CMPL.ZS,Unit (0.0),NA,NA,NA,NA,NA,NA,NA,NA,NA,NA,NA,NA,NA,NA,NA,NA,NA,NA,NA,NA,NA,NA,NA,NA,NA,NA,NA,NA,NA,NA,NA,NA,NA,NA,NA,NA,NA,NA,NA,NA,NA,NA,NA,NA,NA
Andorra,ADO,"Gross graduation ratio from first degree programmes (ISCED 6 and 7) in tertiary education, both sexes (%)",SE.TER.CMPL.ZS,Unit (0.0),NA,NA,NA,NA,NA,NA,NA,NA,NA,NA,NA,NA,NA,NA,NA,NA,NA,NA,NA,NA,NA,NA,NA,NA,NA,NA,NA,NA,NA,NA,NA,NA,NA,NA,NA,NA,NA,NA,NA,NA,NA,NA,NA,NA,NA
Angola,AGO,"Gross graduation ratio from first degree programmes (ISCED 6 and 7) in tertiary education, both sexes (%)",SE.TER.CMPL.ZS,Unit (0.0),NA,NA,NA,NA,NA,NA,NA,NA,NA,NA,NA,NA,NA,NA,NA,NA,NA,NA,NA,NA,NA,NA,NA,NA,NA,NA,NA,NA,NA,0.1,NA,NA,NA,NA,NA,NA,NA,NA,NA,NA,NA,NA,NA,NA,NA
Antigua and Barbuda,ATG,"Gross graduation ratio from first degree programmes (ISCED 6 and 7) in tertiary education, both sexes (%)",SE.TER.CMPL.ZS,Unit (0.0),NA,NA,NA,NA,NA,NA,NA,NA,NA,NA,NA,NA,NA,NA,NA,NA,NA,NA,NA,NA,NA,NA,NA,NA,NA,NA,NA,NA,NA,NA,NA,NA,NA,NA,NA,NA,NA,NA,NA,1.6,1.8,1.5,2.1,NA,NA
Arab World,ARB,"Gross graduation ratio from first degree programmes (ISCED 6 and 7) in tertiary education, both sexes (%)",SE.TER.CMPL.ZS,Unit (0.0),NA,NA,NA,NA,NA,NA,NA,NA,NA,NA,NA,NA,NA,NA,NA,NA,NA,NA,NA,NA,NA,NA,NA,NA,NA,NA,NA,NA,NA,NA,NA,NA,NA,NA,NA,NA,NA,NA,NA,NA,NA,NA,NA,NA,NA
Argentina,ARG,"Gross graduation ratio from first degree programmes (ISCED 6 and 7) in tertiary education, both sexes (%)",SE.TER.CMPL.ZS,Unit (0.0),NA,NA,NA,NA,NA,NA,NA,NA,NA,NA,NA,NA,NA,NA,NA,NA,NA,NA,NA,NA,NA,NA,NA,NA,NA,NA,NA,NA,NA,7.0,NA,9.0,7.8,11.4,12.1,12.9,13.6,11.3,11.7,12.1,12.1,NA,12.7,NA,NA
Armenia,ARM,"Gross graduation ratio from first degree programmes (ISCED 6 and 7) in tertiary education, both sexes (%)",SE.TER.CMPL.ZS,Unit (0.0),NA,NA,NA,NA,NA,NA,NA,NA,NA,NA,NA,NA,NA,NA,NA,NA,NA,NA,NA,NA,NA,NA,NA,NA,NA,NA,NA,NA,NA,NA,NA,18.8,19.0,19.2,20.8,21.2,22.6,26.0,29.4,42.8,39.2,42.0,45.8,47.3,NA
Aruba,ABW,"Gross graduation ratio from first degree programmes (ISCED 6 and 7) in tertiary education, both sexes (%)",SE.TER.CMPL.ZS,Unit (0.0),NA,NA,NA,NA,NA,NA,NA,NA,NA,NA,NA,NA,NA,NA,NA,NA,NA,NA,NA,NA,NA,NA,NA,NA,NA,NA,NA,NA,NA,2.2,7.0,5.5,4.1,3.7,2.8,2.8,7.2,4.4,5.9,5.0,6.2,10.8,11.0,NA,NA
Australia,AUS,"Gross graduation ratio from first degree programmes (ISCED 6 and 7) in tertiary education, both sexes (%)",SE.TER.CMPL.ZS,Unit (0.0),NA,NA,NA,NA,NA,NA,NA,NA,NA,NA,NA,NA,NA,NA,NA,NA,NA,NA,NA,NA,NA,NA,NA,NA,NA,NA,NA,NA,49.1,44.3,50.6,52.4,56.3,46.7,NA,59.3,59.2,58.0,57.8,59.3,60.1,64.8,NA,NA,NA
Austria,AUT,"Gross graduation ratio from first degree programmes (ISCED 6 and 7) in tertiary education, both sexes (%)",SE.TER.CMPL.ZS,Unit (0.0),NA,NA,NA,NA,NA,NA,NA,NA,NA,NA,NA,NA,NA,NA,NA,NA,NA,NA,NA,NA,NA,NA,NA,NA,NA,NA,NA,NA,NA,14.7,16.4,18.4,18.0,18.6,19.9,20.4,21.3,22.0,25.4,30.0,30.6,34.3,37.0,NA,NA
Azerbaijan,AZE,"Gross graduation ratio from first degree programmes (ISCED 6 and 7) in tertiary education, both sexes (%)",SE.TER.CMPL.ZS,Unit (0.0),NA,NA,NA,NA,NA,NA,NA,NA,NA,NA,NA,NA,NA,NA,NA,NA,NA,NA,NA,NA,NA,NA,NA,NA,NA,NA,NA,NA,NA,NA,13.1,14.1,14.3,16.1,15.4,16.3,NA,NA,14.8,15.3,16.9,15.4,NA,NA,NA
"Bahamas, The",BHS,"Gross graduation ratio from first degree programmes (ISCED 6 and 7) in tertiary education, both sexes (%)",SE.TER.CMPL.ZS,Unit (0.0),NA,NA,NA,NA,NA,NA,NA,NA,NA,NA,NA,NA,NA,NA,NA,NA,NA,NA,NA,NA,NA,NA,NA,NA,NA,NA,NA,NA,NA,NA,NA,NA,NA,NA,NA,NA,NA,NA,NA,NA,NA,NA,NA,NA,NA
Bahrain,BHR,"Gross graduation ratio from first degree programmes (ISCED 6 and 7) in tertiary education, both sexes (%)",SE.TER.CMPL.ZS,Unit (0.0),NA,NA,NA,NA,NA,NA,NA,NA,NA,NA,NA,NA,NA,NA,NA,NA,NA,NA,NA,NA,NA,NA,NA,NA,NA,NA,NA,NA,NA,NA,NA,NA,NA,8.0,NA,9.5,8.2,NA,NA,NA,NA,NA,25.0,NA,NA
Bangladesh,BGD,"Gross graduation ratio from first degree programmes (ISCED 6 and 7) in tertiary education, both sexes (%)",SE.TER.CMPL.ZS,Unit (0.0),NA,NA,NA,NA,NA,NA,NA,NA,NA,NA,NA,NA,NA,NA,NA,NA,NA,NA,NA,NA,NA,NA,NA,NA,NA,NA,NA,NA,NA,NA,NA,NA,4.7,4.8,NA,NA,NA,NA,5.3,4.9,NA,6.9,7.2,NA,NA
Barbados,BRB,"Gross graduation ratio from first degree programmes (ISCED 6 and 7) in tertiary education, both sexes (%)",SE.TER.CMPL.ZS,Unit (0.0),NA,NA,NA,NA,NA,NA,NA,NA,NA,NA,NA,NA,NA,NA,NA,NA,NA,NA,NA,NA,NA,NA,NA,NA,NA,NA,NA,NA,NA,16.2,NA,17.3,NA,NA,NA,NA,NA,25.2,NA,24.9,25.9,27.5,NA,NA,NA
Belarus,BLR,"Gross graduation ratio from first degree programmes (ISCED 6 and 7) in tertiary education, both sexes (%)",SE.TER.CMPL.ZS,Unit (0.0),NA,NA,NA,NA,NA,NA,NA,NA,NA,NA,NA,NA,NA,NA,NA,NA,NA,NA,NA,NA,NA,NA,NA,NA,NA,NA,NA,NA,NA,24.7,24.4,25.9,29.0,30.7,33.0,32.5,33.9,38.6,41.8,NA,48.6,48.3,52.7,NA,NA
Belgium,BEL,"Gross graduation ratio from first degree programmes (ISCED 6 and 7) in tertiary education, both sexes (%)",SE.TER.CMPL.ZS,Unit (0.0),NA,NA,NA,NA,NA,NA,NA,NA,NA,NA,NA,NA,NA,NA,NA,NA,NA,NA,NA,NA,NA,NA,NA,NA,NA,NA,NA,NA,NA,NA,18.0,18.6,19.6,NA,NA,NA,19.5,NA,27.2,18.9,19.6,18.6,18.8,NA,NA
Belize,BLZ,"Gross graduation ratio from first degree programmes (ISCED 6 and 7) in tertiary education, both sexes (%)",SE.TER.CMPL.ZS,Unit (0.0),NA,NA,NA,NA,NA,NA,NA,NA,NA,NA,NA,NA,NA,NA,NA,NA,NA,NA,NA,NA,NA,NA,NA,NA,NA,NA,NA,NA,NA,NA,NA,NA,NA,NA,NA,NA,NA,NA,NA,NA,NA,10.5,13.4,NA,NA
Benin,BEN,"Gross graduation ratio from first degree programmes (ISCED 6 and 7) in tertiary education, both sexes (%)",SE.TER.CMPL.ZS,Unit (0.0),NA,NA,NA,NA,NA,NA,NA,NA,NA,NA,NA,NA,NA,NA,NA,NA,NA,NA,NA,NA,NA,NA,NA,NA,NA,NA,NA,NA,NA,NA,NA,NA,NA,NA,NA,NA,NA,NA,NA,NA,NA,NA,NA,NA,NA
Bermuda,BMU,"Gross graduation ratio from first degree programmes (ISCED 6 and 7) in tertiary education, both sexes (%)",SE.TER.CMPL.ZS,Unit (0.0),NA,NA,NA,NA,NA,NA,NA,NA,NA,NA,NA,NA,NA,NA,NA,NA,NA,NA,NA,NA,NA,NA,NA,NA,NA,NA,NA,NA,NA,NA,NA,NA,NA,NA,NA,NA,NA,NA,NA,NA,NA,NA,NA,NA,NA
Bhutan,BTN,"Gross graduation ratio from first degree programmes (ISCED 6 and 7) in tertiary education, both sexes (%)",SE.TER.CMPL.ZS,Unit (0.0),NA,NA,NA,NA,NA,NA,NA,NA,NA,NA,NA,NA,NA,NA,NA,NA,NA,NA,NA,NA,NA,NA,NA,NA,NA,NA,NA,NA,NA,NA,NA,NA,NA,NA,NA,NA,NA,NA,NA,NA,NA,NA,NA,NA,NA
Bolivia,BOL,"Gross graduation ratio from first degree programmes (ISCED 6 and 7) in tertiary education, both sexes (%)",SE.TER.CMPL.ZS,Unit (0.0),NA,NA,NA,NA,NA,NA,NA,NA,NA,NA,NA,NA,NA,NA,NA,NA,NA,NA,NA,NA,NA,NA,NA,NA,NA,NA,NA,NA,NA,NA,NA,NA,NA,NA,NA,NA,NA,NA,NA,NA,NA,NA,NA,NA,NA
Bosnia and Herzegovina,BIH,"Gross graduation ratio from first degree programmes (ISCED 6 and 7) in tertiary education, both sexes (%)",SE.TER.CMPL.ZS,Unit (0.0),NA,NA,NA,NA,NA,NA,NA,NA,NA,NA,NA,NA,NA,NA,NA,NA,NA,NA,NA,NA,NA,NA,NA,NA,NA,NA,NA,NA,NA,NA,NA,NA,NA,NA,NA,NA,NA,NA,NA,NA,NA,NA,NA,NA,NA
Botswana,BWA,"Gross graduation ratio from first degree programmes (ISCED 6 and 7) in tertiary education, both sexes (%)",SE.TER.CMPL.ZS,Unit (0.0),NA,NA,NA,NA,NA,NA,NA,NA,NA,NA,NA,NA,NA,NA,NA,NA,NA,NA,NA,NA,NA,NA,NA,NA,NA,NA,NA,NA,NA,3.3,NA,2.5,2.7,NA,NA,NA,NA,NA,NA,NA,NA,NA,NA,NA,NA
Brazil,BRA,"Gross graduation ratio from first degree programmes (ISCED 6 and 7) in tertiary education, both sexes (%)",SE.TER.CMPL.ZS,Unit (0.0),NA,NA,NA,NA,NA,NA,NA,NA,NA,NA,NA,NA,NA,NA,NA,NA,NA,NA,NA,NA,NA,NA,NA,NA,NA,NA,NA,NA,NA,NA,NA,NA,13.5,14.5,16.7,18.7,NA,NA,NA,NA,NA,NA,NA,NA,NA
Brunei Darussalam,BRN,"Gross graduation ratio from first degree programmes (ISCED 6 and 7) in tertiary education, both sexes (%)",SE.TER.CMPL.ZS,Unit (0.0),NA,NA,NA,NA,NA,NA,NA,NA,NA,NA,NA,NA,NA,NA,NA,NA,NA,NA,NA,NA,NA,NA,NA,NA,NA,NA,NA,NA,3.7,4.1,6.1,7.5,NA,10.8,12.3,15.1,12.3,10.7,11.1,11.9,11.5,11.9,14.4,NA,NA
Bulgaria,BGR,"Gross graduation ratio from first degree programmes (ISCED 6 and 7) in tertiary education, both sexes (%)",SE.TER.CMPL.ZS,Unit (0.0),NA,NA,NA,NA,NA,NA,NA,NA,NA,NA,NA,NA,NA,NA,NA,NA,NA,NA,NA,NA,NA,NA,NA,NA,NA,NA,NA,NA,NA,15.4,18.6,17.4,25.8,26.0,24.6,23.6,NA,24.2,27.4,28.2,28.9,31.7,35.1,NA,NA
Burkina Faso,BFA,"Gross graduation ratio from first degree programmes (ISCED 6 and 7) in tertiary education, both sexes (%)",SE.TER.CMPL.ZS,Unit (0.0),NA,NA,NA,NA,NA,NA,NA,NA,NA,NA,NA,NA,NA,NA,NA,NA,NA,NA,NA,NA,NA,NA,NA,NA,NA,NA,NA,NA,NA,NA,NA,NA,NA,NA,NA,NA,NA,NA,2.0,NA,NA,NA,NA,NA,NA
Burundi,BDI,"Gross graduation ratio from first degree programmes (ISCED 6 and 7) in tertiary education, both sexes (%)",SE.TER.CMPL.ZS,Unit (0.0),NA,NA,NA,NA,NA,NA,NA,NA,NA,NA,NA,NA,NA,NA,NA,NA,NA,NA,NA,NA,NA,NA,NA,NA,NA,NA,NA,NA,NA,NA,NA,0.5,NA,0.4,0.5,NA,NA,NA,NA,NA,NA,NA,NA,NA,NA
Cabo Verde,CPV,"Gross graduation ratio from first degree programmes (ISCED 6 and 7) in tertiary education, both sexes (%)",SE.TER.CMPL.ZS,Unit (0.0),NA,NA,NA,NA,NA,NA,NA,NA,NA,NA,NA,NA,NA,NA,NA,NA,NA,NA,NA,NA,NA,NA,NA,NA,NA,NA,NA,NA,NA,NA,NA,NA,NA,NA,NA,NA,NA,NA,NA,NA,NA,NA,NA,6.1,NA
Cambodia,KHM,"Gross graduation ratio from first degree programmes (ISCED 6 and 7) in tertiary education, both sexes (%)",SE.TER.CMPL.ZS,Unit (0.0),NA,NA,NA,NA,NA,NA,NA,NA,NA,NA,NA,NA,NA,NA,NA,NA,NA,NA,NA,NA,NA,NA,NA,NA,NA,NA,NA,NA,NA,1.7,2.1,1.9,1.5,2.6,2.7,NA,NA,4.2,5.3,NA,NA,NA,NA,NA,NA
Cameroon,CMR,"Gross graduation ratio from first degree programmes (ISCED 6 and 7) in tertiary education, both sexes (%)",SE.TER.CMPL.ZS,Unit (0.0),NA,NA,NA,NA,NA,NA,NA,NA,NA,NA,NA,NA,NA,NA,NA,NA,NA,NA,NA,NA,NA,NA,NA,NA,NA,NA,NA,NA,NA,NA,NA,NA,NA,NA,NA,NA,NA,NA,NA,NA,NA,NA,NA,NA,NA
Canada,CAN,"Gross graduation ratio from first degree programmes (ISCED 6 and 7) in tertiary education, both sexes (%)",SE.TER.CMPL.ZS,Unit (0.0),NA,NA,NA,NA,NA,NA,NA,NA,NA,NA,NA,NA,NA,NA,NA,NA,NA,NA,NA,NA,NA,NA,NA,NA,NA,NA,NA,NA,30.8,31.1,NA,NA,32.3,NA,33.8,39.3,35.2,NA,NA,NA,NA,NA,NA,NA,NA
Cayman Islands,CYM,"Gross graduation ratio from first degree programmes (ISCED 6 and 7) in tertiary education, both sexes (%)",SE.TER.CMPL.ZS,Unit (0.0),NA,NA,NA,NA,NA,NA,NA,NA,NA,NA,NA,NA,NA,NA,NA,NA,NA,NA,NA,NA,NA,NA,NA,NA,NA,NA,NA,NA,NA,NA,NA,NA,NA,NA,NA,NA,NA,NA,NA,NA,NA,NA,NA,NA,NA
Central African Republic,CAF,"Gross graduation ratio from first degree programmes (ISCED 6 and 7) in tertiary education, both sexes (%)",SE.TER.CMPL.ZS,Unit (0.0),NA,NA,NA,NA,NA,NA,NA,NA,NA,NA,NA,NA,NA,NA,NA,NA,NA,NA,NA,NA,NA,NA,NA,NA,NA,NA,NA,NA,NA,NA,NA,NA,NA,NA,NA,NA,NA,NA,NA,NA,NA,NA,NA,NA,NA
Chad,TCD,"Gross graduation ratio from first degree programmes (ISCED 6 and 7) in tertiary education, both sexes (%)",SE.TER.CMPL.ZS,Unit (0.0),NA,NA,NA,NA,NA,NA,NA,NA,NA,NA,NA,NA,NA,NA,NA,NA,NA,NA,NA,NA,NA,NA,NA,NA,NA,NA,NA,NA,NA,NA,0.4,NA,NA,NA,NA,NA,NA,NA,NA,NA,NA,NA,NA,NA,NA
Channel Islands,CHI,"Gross graduation ratio from first degree programmes (ISCED 6 and 7) in tertiary education, both sexes (%)",SE.TER.CMPL.ZS,Unit (0.0),NA,NA,NA,NA,NA,NA,NA,NA,NA,NA,NA,NA,NA,NA,NA,NA,NA,NA,NA,NA,NA,NA,NA,NA,NA,NA,NA,NA,NA,NA,NA,NA,NA,NA,NA,NA,NA,NA,NA,NA,NA,NA,NA,NA,NA
Chile,CHL,"Gross graduation ratio from first degree programmes (ISCED 6 and 7) in tertiary education, both sexes (%)",SE.TER.CMPL.ZS,Unit (0.0),NA,NA,NA,NA,NA,NA,NA,NA,NA,NA,NA,NA,NA,NA,NA,NA,NA,NA,NA,NA,NA,NA,NA,NA,NA,NA,NA,NA,16.7,21.9,13.1,NA,NA,16.1,NA,NA,14.8,14.8,15.1,19.7,18.4,NA,19.0,NA,NA
China,CHN,"Gross graduation ratio from first degree programmes (ISCED 6 and 7) in tertiary education, both sexes (%)",SE.TER.CMPL.ZS,Unit (0.0),NA,NA,NA,NA,NA,NA,NA,NA,NA,NA,NA,NA,NA,NA,NA,NA,NA,NA,NA,NA,NA,NA,NA,NA,NA,NA,NA,NA,NA,NA,NA,NA,NA,NA,NA,NA,NA,NA,NA,NA,NA,NA,NA,NA,NA
Colombia,COL,"Gross graduation ratio from first degree programmes (ISCED 6 and 7) in tertiary education, both sexes (%)",SE.TER.CMPL.ZS,Unit (0.0),NA,NA,NA,NA,NA,NA,NA,NA,NA,NA,NA,NA,NA,NA,NA,NA,NA,NA,NA,NA,NA,NA,NA,NA,NA,NA,NA,NA,NA,NA,NA,NA,4.5,NA,6.2,NA,8.2,NA,NA,NA,NA,13.4,14.0,18.5,NA
Comoros,COM,"Gross graduation ratio from first degree programmes (ISCED 6 and 7) in tertiary education, both sexes (%)",SE.TER.CMPL.ZS,Unit (0.0),NA,NA,NA,NA,NA,NA,NA,NA,NA,NA,NA,NA,NA,NA,NA,NA,NA,NA,NA,NA,NA,NA,NA,NA,NA,NA,NA,NA,NA,1.4,0.5,NA,NA,NA,NA,NA,NA,NA,NA,NA,NA,NA,NA,6.0,NA
"Congo, Dem. Rep.",ZAR,"Gross graduation ratio from first degree programmes (ISCED 6 and 7) in tertiary education, both sexes (%)",SE.TER.CMPL.ZS,Unit (0.0),NA,NA,NA,NA,NA,NA,NA,NA,NA,NA,NA,NA,NA,NA,NA,NA,NA,NA,NA,NA,NA,NA,NA,NA,NA,NA,NA,NA,NA,NA,NA,NA,NA,NA,NA,NA,NA,NA,NA,NA,NA,NA,NA,NA,NA
"Congo, Rep.",COG,"Gross graduation ratio from first degree programmes (ISCED 6 and 7) in tertiary education, both sexes (%)",SE.TER.CMPL.ZS,Unit (0.0),NA,NA,NA,NA,NA,NA,NA,NA,NA,NA,NA,NA,NA,NA,NA,NA,NA,NA,NA,NA,NA,NA,NA,NA,NA,NA,NA,NA,NA,NA,NA,NA,NA,NA,NA,NA,NA,NA,NA,NA,NA,NA,NA,NA,NA
Costa Rica,CRI,"Gross graduation ratio from first degree programmes (ISCED 6 and 7) in tertiary education, both sexes (%)",SE.TER.CMPL.ZS,Unit (0.0),NA,NA,NA,NA,NA,NA,NA,NA,NA,NA,NA,NA,NA,NA,NA,NA,NA,NA,NA,NA,NA,NA,NA,NA,NA,NA,NA,NA,NA,NA,NA,27.3,30.2,NA,NA,NA,NA,NA,NA,NA,35.0,37.4,NA,NA,NA
Cote d'Ivoire,CIV,"Gross graduation ratio from first degree programmes (ISCED 6 and 7) in tertiary education, both sexes (%)",SE.TER.CMPL.ZS,Unit (0.0),NA,NA,NA,NA,NA,NA,NA,NA,NA,NA,NA,NA,NA,NA,NA,NA,NA,NA,NA,NA,NA,NA,NA,NA,NA,NA,NA,NA,NA,NA,NA,NA,NA,NA,NA,NA,NA,NA,NA,NA,NA,NA,NA,NA,NA
Croatia,HRV,"Gross graduation ratio from first degree programmes (ISCED 6 and 7) in tertiary education, both sexes (%)",SE.TER.CMPL.ZS,Unit (0.0),NA,NA,NA,NA,NA,NA,NA,NA,NA,NA,NA,NA,NA,NA,NA,NA,NA,NA,NA,NA,NA,NA,NA,NA,NA,NA,NA,NA,NA,14.4,14.3,14.4,13.6,15.3,15.1,15.9,17.5,18.5,26.6,36.0,41.3,47.8,NA,NA,NA
Cuba,CUB,"Gross graduation ratio from first degree programmes (ISCED 6 and 7) in tertiary education, both sexes (%)",SE.TER.CMPL.ZS,Unit (0.0),NA,NA,NA,NA,NA,NA,NA,NA,NA,NA,NA,NA,NA,NA,NA,NA,NA,NA,NA,NA,NA,NA,NA,NA,NA,NA,NA,NA,NA,9.9,11.1,12.0,12.6,13.1,13.2,14.2,16.6,21.8,29.1,44.7,44.9,49.7,50.8,54.8,NA
Curacao,CUW,"Gross graduation ratio from first degree programmes (ISCED 6 and 7) in tertiary education, both sexes (%)",SE.TER.CMPL.ZS,Unit (0.0),NA,NA,NA,NA,NA,NA,NA,NA,NA,NA,NA,NA,NA,NA,NA,NA,NA,NA,NA,NA,NA,NA,NA,NA,NA,NA,NA,NA,NA,NA,NA,NA,NA,NA,NA,NA,NA,NA,NA,NA,NA,NA,NA,NA,NA
Cyprus,CYP,"Gross graduation ratio from first degree programmes (ISCED 6 and 7) in tertiary education, both sexes (%)",SE.TER.CMPL.ZS,Unit (0.0),NA,NA,NA,NA,NA,NA,NA,NA,NA,NA,NA,NA,NA,NA,NA,NA,NA,NA,NA,NA,NA,NA,NA,NA,NA,NA,NA,NA,NA,4.7,NA,NA,4.9,4.8,5.7,5.1,5.6,5.9,10.7,12.6,13.9,17.9,20.0,NA,NA
Czech Republic,CZE,"Gross graduation ratio from first degree programmes (ISCED 6 and 7) in tertiary education, both sexes (%)",SE.TER.CMPL.ZS,Unit (0.0),NA,NA,NA,NA,NA,NA,NA,NA,NA,NA,NA,NA,NA,NA,NA,NA,NA,NA,NA,NA,NA,NA,NA,NA,NA,NA,NA,NA,NA,11.4,14.1,14.0,14.6,16.2,20.0,24.7,31.5,37.6,40.7,41.0,41.7,42.1,41.6,NA,NA
Denmark,DNK,"Gross graduation ratio from first degree programmes (ISCED 6 and 7) in tertiary education, both sexes (%)",SE.TER.CMPL.ZS,Unit (0.0),NA,NA,NA,NA,NA,NA,NA,NA,NA,NA,NA,NA,NA,NA,NA,NA,NA,NA,NA,NA,NA,NA,NA,NA,NA,NA,NA,NA,NA,NA,NA,35.5,35.6,39.9,49.0,53.4,52.0,52.0,49.0,50.3,49.2,49.4,47.5,NA,NA
Djibouti,DJI,"Gross graduation ratio from first degree programmes (ISCED 6 and 7) in tertiary education, both sexes (%)",SE.TER.CMPL.ZS,Unit (0.0),NA,NA,NA,NA,NA,NA,NA,NA,NA,NA,NA,NA,NA,NA,NA,NA,NA,NA,NA,NA,NA,NA,NA,NA,NA,NA,NA,NA,NA,0.1,NA,0.1,0.5,0.8,NA,1.0,NA,NA,NA,2.4,NA,NA,NA,NA,NA
Dominica,DMA,"Gross graduation ratio from first degree programmes (ISCED 6 and 7) in tertiary education, both sexes (%)",SE.TER.CMPL.ZS,Unit (0.0),NA,NA,NA,NA,NA,NA,NA,NA,NA,NA,NA,NA,NA,NA,NA,NA,NA,NA,NA,NA,NA,NA,NA,NA,NA,NA,NA,NA,NA,NA,NA,NA,NA,NA,NA,NA,NA,NA,NA,NA,NA,NA,NA,NA,NA
Dominican Republic,DOM,"Gross graduation ratio from first degree programmes (ISCED 6 and 7) in tertiary education, both sexes (%)",SE.TER.CMPL.ZS,Unit (0.0),NA,NA,NA,NA,NA,NA,NA,NA,NA,NA,NA,NA,NA,NA,NA,NA,NA,NA,NA,NA,NA,NA,NA,NA,NA,NA,NA,NA,NA,NA,NA,NA,NA,NA,NA,NA,NA,NA,NA,NA,NA,NA,19.7,NA,NA
East Asia & Pacific (all income levels),EAS,"Gross graduation ratio from first degree programmes (ISCED 6 and 7) in tertiary education, both sexes (%)",SE.TER.CMPL.ZS,Unit (0.0),NA,NA,NA,NA,NA,NA,NA,NA,NA,NA,NA,NA,NA,NA,NA,NA,NA,NA,NA,NA,NA,NA,NA,NA,NA,NA,NA,NA,NA,NA,NA,NA,NA,NA,NA,NA,NA,NA,NA,NA,NA,NA,NA,NA,NA
East Asia & Pacific (developing only),EAP,"Gross graduation ratio from first degree programmes (ISCED 6 and 7) in tertiary education, both sexes (%)",SE.TER.CMPL.ZS,Unit (0.0),NA,NA,NA,NA,NA,NA,NA,NA,NA,NA,NA,NA,NA,NA,NA,NA,NA,NA,NA,NA,NA,NA,NA,NA,NA,NA,NA,NA,NA,NA,NA,NA,NA,NA,NA,NA,NA,NA,NA,NA,NA,NA,NA,NA,NA
Ecuador,ECU,"Gross graduation ratio from first degree programmes (ISCED 6 and 7) in tertiary education, both sexes (%)",SE.TER.CMPL.ZS,Unit (0.0),NA,NA,NA,NA,NA,NA,NA,NA,NA,NA,NA,NA,NA,NA,NA,NA,NA,NA,NA,NA,NA,NA,NA,NA,NA,NA,NA,NA,NA,NA,NA,NA,NA,NA,NA,NA,NA,NA,NA,NA,NA,NA,NA,NA,NA
"Egypt, Arab Rep.",EGY,"Gross graduation ratio from first degree programmes (ISCED 6 and 7) in tertiary education, both sexes (%)",SE.TER.CMPL.ZS,Unit (0.0),NA,NA,NA,NA,NA,NA,NA,NA,NA,NA,NA,NA,NA,NA,NA,NA,NA,NA,NA,NA,NA,NA,NA,NA,NA,NA,NA,NA,NA,NA,NA,22.5,21.9,22.4,23.0,26.5,26.5,26.3,26.4,24.3,25.2,NA,26.5,NA,NA
El Salvador,SLV,"Gross graduation ratio from first degree programmes (ISCED 6 and 7) in tertiary education, both sexes (%)",SE.TER.CMPL.ZS,Unit (0.0),NA,NA,NA,NA,NA,NA,NA,NA,NA,NA,NA,NA,NA,NA,NA,NA,NA,NA,NA,NA,NA,NA,NA,NA,NA,NA,NA,NA,NA,NA,NA,NA,6.3,8.2,NA,9.5,9.5,9.6,9.7,9.2,9.2,10.4,10.9,NA,NA
Equatorial Guinea,GNQ,"Gross graduation ratio from first degree programmes (ISCED 6 and 7) in tertiary education, both sexes (%)",SE.TER.CMPL.ZS,Unit (0.0),NA,NA,NA,NA,NA,NA,NA,NA,NA,NA,NA,NA,NA,NA,NA,NA,NA,NA,NA,NA,NA,NA,NA,NA,NA,NA,NA,NA,NA,NA,NA,NA,NA,NA,NA,NA,NA,NA,NA,NA,NA,NA,NA,NA,NA
Eritrea,ERI,"Gross graduation ratio from first degree programmes (ISCED 6 and 7) in tertiary education, both sexes (%)",SE.TER.CMPL.ZS,Unit (0.0),NA,NA,NA,NA,NA,NA,NA,NA,NA,NA,NA,NA,NA,NA,NA,NA,NA,NA,NA,NA,NA,NA,NA,NA,NA,NA,NA,NA,NA,1.2,0.7,1.1,1.3,1.2,1.3,NA,NA,NA,NA,NA,1.6,NA,NA,NA,NA
Estonia,EST,"Gross graduation ratio from first degree programmes (ISCED 6 and 7) in tertiary education, both sexes (%)",SE.TER.CMPL.ZS,Unit (0.0),NA,NA,NA,NA,NA,NA,NA,NA,NA,NA,NA,NA,NA,NA,NA,NA,NA,NA,NA,NA,NA,NA,NA,NA,NA,NA,NA,NA,NA,8.4,9.8,12.2,31.4,20.8,21.2,30.1,29.1,30.0,25.6,25.2,24.6,26.5,25.2,NA,NA
Ethiopia,ETH,"Gross graduation ratio from first degree programmes (ISCED 6 and 7) in tertiary education, both sexes (%)",SE.TER.CMPL.ZS,Unit (0.0),NA,NA,NA,NA,NA,NA,NA,NA,NA,NA,NA,NA,NA,NA,NA,NA,NA,NA,NA,NA,NA,NA,NA,NA,NA,NA,NA,NA,NA,0.8,1.1,1.6,1.6,2.3,3.2,2.3,NA,NA,NA,NA,NA,NA,NA,NA,NA
Euro area,EMU,"Gross graduation ratio from first degree programmes (ISCED 6 and 7) in tertiary education, both sexes (%)",SE.TER.CMPL.ZS,Unit (0.0),NA,NA,NA,NA,NA,NA,NA,NA,NA,NA,NA,NA,NA,NA,NA,NA,NA,NA,NA,NA,NA,NA,NA,NA,NA,NA,NA,NA,NA,NA,NA,NA,NA,NA,NA,NA,NA,NA,NA,NA,NA,NA,NA,NA,NA
Europe & Central Asia (all income levels),ECS,"Gross graduation ratio from first degree programmes (ISCED 6 and 7) in tertiary education, both sexes (%)",SE.TER.CMPL.ZS,Unit (0.0),NA,NA,NA,NA,NA,NA,NA,NA,NA,NA,NA,NA,NA,NA,NA,NA,NA,NA,NA,NA,NA,NA,NA,NA,NA,NA,NA,NA,NA,NA,NA,NA,NA,NA,NA,NA,NA,NA,NA,NA,NA,NA,NA,NA,NA
Europe & Central Asia (developing only),ECA,"Gross graduation ratio from first degree programmes (ISCED 6 and 7) in tertiary education, both sexes (%)",SE.TER.CMPL.ZS,Unit (0.0),NA,NA,NA,NA,NA,NA,NA,NA,NA,NA,NA,NA,NA,NA,NA,NA,NA,NA,NA,NA,NA,NA,NA,NA,NA,NA,NA,NA,NA,NA,NA,NA,NA,NA,NA,NA,NA,NA,NA,NA,NA,NA,NA,NA,NA
European Union,EUU,"Gross graduation ratio from first degree programmes (ISCED 6 and 7) in tertiary education, both sexes (%)",SE.TER.CMPL.ZS,Unit (0.0),NA,NA,NA,NA,NA,NA,NA,NA,NA,NA,NA,NA,NA,NA,NA,NA,NA,NA,NA,NA,NA,NA,NA,NA,NA,NA,NA,NA,NA,NA,NA,NA,NA,NA,NA,NA,NA,NA,NA,NA,NA,NA,NA,NA,NA
Faeroe Islands,FRO,"Gross graduation ratio from first degree programmes (ISCED 6 and 7) in tertiary education, both sexes (%)",SE.TER.CMPL.ZS,Unit (0.0),NA,NA,NA,NA,NA,NA,NA,NA,NA,NA,NA,NA,NA,NA,NA,NA,NA,NA,NA,NA,NA,NA,NA,NA,NA,NA,NA,NA,NA,NA,NA,NA,NA,NA,NA,NA,NA,NA,NA,NA,NA,NA,NA,NA,NA
Fiji,FJI,"Gross graduation ratio from first degree programmes (ISCED 6 and 7) in tertiary education, both sexes (%)",SE.TER.CMPL.ZS,Unit (0.0),NA,NA,NA,NA,NA,NA,NA,NA,NA,NA,NA,NA,NA,NA,NA,NA,NA,NA,NA,NA,NA,NA,NA,NA,NA,NA,NA,NA,NA,NA,NA,NA,NA,NA,8.7,NA,NA,NA,NA,NA,NA,NA,NA,NA,NA
Finland,FIN,"Gross graduation ratio from first degree programmes (ISCED 6 and 7) in tertiary education, both sexes (%)",SE.TER.CMPL.ZS,Unit (0.0),NA,NA,NA,NA,NA,NA,NA,NA,NA,NA,NA,NA,NA,NA,NA,NA,NA,NA,NA,NA,NA,NA,NA,NA,NA,NA,NA,NA,35.7,40.0,43.5,47.9,52.2,53.2,53.6,NA,55.6,58.9,NA,44.0,47.8,50.9,51.5,NA,NA
France,FRA,"Gross graduation ratio from first degree programmes (ISCED 6 and 7) in tertiary education, both sexes (%)",SE.TER.CMPL.ZS,Unit (0.0),NA,NA,NA,NA,NA,NA,NA,NA,NA,NA,NA,NA,NA,NA,NA,NA,NA,NA,NA,NA,NA,NA,NA,NA,NA,NA,NA,NA,NA,44.6,40.1,NA,40.8,41.5,33.5,34.7,35.1,35.1,35.1,36.1,NA,NA,39.2,NA,NA
French Polynesia,PYF,"Gross graduation ratio from first degree programmes (ISCED 6 and 7) in tertiary education, both sexes (%)",SE.TER.CMPL.ZS,Unit (0.0),NA,NA,NA,NA,NA,NA,NA,NA,NA,NA,NA,NA,NA,NA,NA,NA,NA,NA,NA,NA,NA,NA,NA,NA,NA,NA,NA,NA,NA,NA,NA,NA,NA,NA,NA,NA,NA,NA,NA,NA,NA,NA,NA,NA,NA
Gabon,GAB,"Gross graduation ratio from first degree programmes (ISCED 6 and 7) in tertiary education, both sexes (%)",SE.TER.CMPL.ZS,Unit (0.0),NA,NA,NA,NA,NA,NA,NA,NA,NA,NA,NA,NA,NA,NA,NA,NA,NA,NA,NA,NA,NA,NA,NA,NA,NA,NA,NA,NA,NA,6.0,NA,NA,NA,NA,NA,NA,NA,NA,NA,NA,NA,NA,NA,NA,NA
"Gambia, The",GMB,"Gross graduation ratio from first degree programmes (ISCED 6 and 7) in tertiary education, both sexes (%)",SE.TER.CMPL.ZS,Unit (0.0),NA,NA,NA,NA,NA,NA,NA,NA,NA,NA,NA,NA,NA,NA,NA,NA,NA,NA,NA,NA,NA,NA,NA,NA,NA,NA,NA,NA,NA,NA,NA,NA,NA,NA,NA,NA,NA,NA,NA,NA,NA,NA,NA,NA,NA
Georgia,GEO,"Gross graduation ratio from first degree programmes (ISCED 6 and 7) in tertiary education, both sexes (%)",SE.TER.CMPL.ZS,Unit (0.0),NA,NA,NA,NA,NA,NA,NA,NA,NA,NA,NA,NA,NA,NA,NA,NA,NA,NA,NA,NA,NA,NA,NA,NA,NA,NA,NA,NA,NA,NA,NA,NA,NA,NA,NA,NA,NA,NA,52.6,41.1,19.0,24.9,18.5,NA,NA
Germany,DEU,"Gross graduation ratio from first degree programmes (ISCED 6 and 7) in tertiary education, both sexes (%)",SE.TER.CMPL.ZS,Unit (0.0),NA,NA,NA,NA,NA,NA,NA,NA,NA,NA,NA,NA,NA,NA,NA,NA,NA,NA,NA,NA,NA,NA,NA,NA,NA,NA,NA,NA,NA,18.7,18.2,17.8,17.9,18.2,18.9,19.9,20.9,22.7,24.5,27.3,28.6,29.8,30.5,NA,NA
Ghana,GHA,"Gross graduation ratio from first degree programmes (ISCED 6 and 7) in tertiary education, both sexes (%)",SE.TER.CMPL.ZS,Unit (0.0),NA,NA,NA,NA,NA,NA,NA,NA,NA,NA,NA,NA,NA,NA,NA,NA,NA,NA,NA,NA,NA,NA,NA,NA,NA,NA,NA,NA,NA,NA,NA,NA,NA,NA,NA,NA,NA,NA,NA,NA,NA,NA,8.7,NA,NA
Greece,GRC,"Gross graduation ratio from first degree programmes (ISCED 6 and 7) in tertiary education, both sexes (%)",SE.TER.CMPL.ZS,Unit (0.0),NA,NA,NA,NA,NA,NA,NA,NA,NA,NA,NA,NA,NA,NA,NA,NA,NA,NA,NA,NA,NA,NA,NA,NA,NA,NA,NA,NA,NA,NA,NA,13.9,15.5,NA,18.4,23.5,23.9,22.0,26.7,NA,26.9,27.9,28.2,NA,NA
Greenland,GRL,"Gross graduation ratio from first degree programmes (ISCED 6 and 7) in tertiary education, both sexes (%)",SE.TER.CMPL.ZS,Unit (0.0),NA,NA,NA,NA,NA,NA,NA,NA,NA,NA,NA,NA,NA,NA,NA,NA,NA,NA,NA,NA,NA,NA,NA,NA,NA,NA,NA,NA,NA,NA,NA,NA,NA,NA,NA,NA,NA,NA,NA,NA,NA,NA,NA,NA,NA
Grenada,GRD,"Gross graduation ratio from first degree programmes (ISCED 6 and 7) in tertiary education, both sexes (%)",SE.TER.CMPL.ZS,Unit (0.0),NA,NA,NA,NA,NA,NA,NA,NA,NA,NA,NA,NA,NA,NA,NA,NA,NA,NA,NA,NA,NA,NA,NA,NA,NA,NA,NA,NA,NA,NA,NA,NA,NA,NA,NA,NA,NA,NA,NA,NA,NA,NA,NA,NA,NA
Guam,GUM,"Gross graduation ratio from first degree programmes (ISCED 6 and 7) in tertiary education, both sexes (%)",SE.TER.CMPL.ZS,Unit (0.0),NA,NA,NA,NA,NA,NA,NA,NA,NA,NA,NA,NA,NA,NA,NA,NA,NA,NA,NA,NA,NA,NA,NA,NA,NA,NA,NA,NA,NA,NA,NA,NA,NA,NA,NA,NA,NA,NA,NA,NA,NA,NA,NA,NA,NA
Guatemala,GTM,"Gross graduation ratio from first degree programmes (ISCED 6 and 7) in tertiary education, both sexes (%)",SE.TER.CMPL.ZS,Unit (0.0),NA,NA,NA,NA,NA,NA,NA,NA,NA,NA,NA,NA,NA,NA,NA,NA,NA,NA,NA,NA,NA,NA,NA,NA,NA,NA,NA,NA,NA,NA,NA,NA,1.8,NA,NA,NA,NA,1.6,NA,NA,NA,NA,NA,NA,NA
Guinea,GIN,"Gross graduation ratio from first degree programmes (ISCED 6 and 7) in tertiary education, both sexes (%)",SE.TER.CMPL.ZS,Unit (0.0),NA,NA,NA,NA,NA,NA,NA,NA,NA,NA,NA,NA,NA,NA,NA,NA,NA,NA,NA,NA,NA,NA,NA,NA,NA,NA,NA,NA,NA,NA,NA,NA,NA,NA,NA,NA,NA,NA,NA,NA,NA,NA,NA,NA,NA
Guinea-Bissau,GNB,"Gross graduation ratio from first degree programmes (ISCED 6 and 7) in tertiary education, both sexes (%)",SE.TER.CMPL.ZS,Unit (0.0),NA,NA,NA,NA,NA,NA,NA,NA,NA,NA,NA,NA,NA,NA,NA,NA,NA,NA,NA,NA,NA,NA,NA,NA,NA,NA,NA,NA,NA,NA,NA,NA,NA,NA,NA,NA,NA,NA,NA,NA,NA,NA,NA,NA,NA
Guyana,GUY,"Gross graduation ratio from first degree programmes (ISCED 6 and 7) in tertiary education, both sexes (%)",SE.TER.CMPL.ZS,Unit (0.0),NA,NA,NA,NA,NA,NA,NA,NA,NA,NA,NA,NA,NA,NA,NA,NA,NA,NA,NA,NA,NA,NA,NA,NA,NA,NA,NA,NA,NA,NA,NA,NA,NA,NA,7.0,4.8,5.7,3.2,4.7,3.4,2.4,3.4,2.9,NA,NA
Haiti,HTI,"Gross graduation ratio from first degree programmes (ISCED 6 and 7) in tertiary education, both sexes (%)",SE.TER.CMPL.ZS,Unit (0.0),NA,NA,NA,NA,NA,NA,NA,NA,NA,NA,NA,NA,NA,NA,NA,NA,NA,NA,NA,NA,NA,NA,NA,NA,NA,NA,NA,NA,NA,NA,NA,NA,NA,NA,NA,NA,NA,NA,NA,NA,NA,NA,NA,NA,NA
Heavily indebted poor countries (HIPC),HPC,"Gross graduation ratio from first degree programmes (ISCED 6 and 7) in tertiary education, both sexes (%)",SE.TER.CMPL.ZS,Unit (0.0),NA,NA,NA,NA,NA,NA,NA,NA,NA,NA,NA,NA,NA,NA,NA,NA,NA,NA,NA,NA,NA,NA,NA,NA,NA,NA,NA,NA,NA,NA,NA,NA,NA,NA,NA,NA,NA,NA,NA,NA,NA,NA,NA,NA,NA
High income,HIC,"Gross graduation ratio from first degree programmes (ISCED 6 and 7) in tertiary education, both sexes (%)",SE.TER.CMPL.ZS,Unit (0.0),NA,NA,NA,NA,NA,NA,NA,NA,NA,NA,NA,NA,NA,NA,NA,NA,NA,NA,NA,NA,NA,NA,NA,NA,NA,NA,NA,NA,NA,NA,NA,NA,NA,NA,NA,NA,NA,NA,NA,NA,NA,NA,NA,NA,NA
High income: OECD,OEC,"Gross graduation ratio from first degree programmes (ISCED 6 and 7) in tertiary education, both sexes (%)",SE.TER.CMPL.ZS,Unit (0.0),NA,NA,NA,NA,NA,NA,NA,NA,NA,NA,NA,NA,NA,NA,NA,NA,NA,NA,NA,NA,NA,NA,NA,NA,NA,NA,NA,NA,NA,NA,NA,NA,NA,NA,NA,NA,NA,NA,NA,NA,NA,NA,NA,NA,NA
High income: nonOECD,NOC,"Gross graduation ratio from first degree programmes (ISCED 6 and 7) in tertiary education, both sexes (%)",SE.TER.CMPL.ZS,Unit (0.0),NA,NA,NA,NA,NA,NA,NA,NA,NA,NA,NA,NA,NA,NA,NA,NA,NA,NA,NA,NA,NA,NA,NA,NA,NA,NA,NA,NA,NA,NA,NA,NA,NA,NA,NA,NA,NA,NA,NA,NA,NA,NA,NA,NA,NA
Honduras,HND,"Gross graduation ratio from first degree programmes (ISCED 6 and 7) in tertiary education, both sexes (%)",SE.TER.CMPL.ZS,Unit (0.0),NA,NA,NA,NA,NA,NA,NA,NA,NA,NA,NA,NA,NA,NA,NA,NA,NA,NA,NA,NA,NA,NA,NA,NA,NA,NA,NA,NA,NA,NA,2.2,NA,NA,3.2,NA,NA,NA,NA,NA,NA,NA,NA,9.5,9.3,NA
"Hong Kong SAR, China",HKG,"Gross graduation ratio from first degree programmes (ISCED 6 and 7) in tertiary education, both sexes (%)",SE.TER.CMPL.ZS,Unit (0.0),NA,NA,NA,NA,NA,NA,NA,NA,NA,NA,NA,NA,NA,NA,NA,NA,NA,NA,NA,NA,NA,NA,NA,NA,NA,NA,NA,NA,NA,NA,NA,NA,NA,17.5,18.1,18.4,19.2,NA,NA,NA,NA,NA,NA,NA,NA
Hungary,HUN,"Gross graduation ratio from first degree programmes (ISCED 6 and 7) in tertiary education, both sexes (%)",SE.TER.CMPL.ZS,Unit (0.0),NA,NA,NA,NA,NA,NA,NA,NA,NA,NA,NA,NA,NA,NA,NA,NA,NA,NA,NA,NA,NA,NA,NA,NA,NA,NA,NA,NA,24.4,26.0,27.8,26.9,28.4,30.8,38.9,44.2,43.6,40.0,37.9,40.3,37.9,32.1,30.0,NA,NA
Iceland,ISL,"Gross graduation ratio from first degree programmes (ISCED 6 and 7) in tertiary education, both sexes (%)",SE.TER.CMPL.ZS,Unit (0.0),NA,NA,NA,NA,NA,NA,NA,NA,NA,NA,NA,NA,NA,NA,NA,NA,NA,NA,NA,NA,NA,NA,NA,NA,NA,NA,NA,NA,NA,28.4,33.7,38.2,39.4,46.6,53.3,56.8,63.3,62.3,58.5,52.9,61.7,NA,60.0,NA,NA
India,IND,"Gross graduation ratio from first degree programmes (ISCED 6 and 7) in tertiary education, both sexes (%)",SE.TER.CMPL.ZS,Unit (0.0),NA,NA,NA,NA,NA,NA,NA,NA,NA,NA,NA,NA,NA,NA,NA,NA,NA,NA,NA,NA,NA,NA,NA,NA,NA,NA,NA,NA,NA,NA,NA,NA,NA,NA,NA,NA,NA,NA,NA,NA,NA,NA,NA,NA,NA
Indonesia,IDN,"Gross graduation ratio from first degree programmes (ISCED 6 and 7) in tertiary education, both sexes (%)",SE.TER.CMPL.ZS,Unit (0.0),NA,NA,NA,NA,NA,NA,NA,NA,NA,NA,NA,NA,NA,NA,NA,NA,NA,NA,NA,NA,NA,NA,NA,NA,NA,NA,NA,NA,NA,NA,6.4,7.3,8.4,9.2,8.9,NA,NA,NA,NA,12.3,14.6,13.7,15.6,NA,NA
"Iran, Islamic Rep.",IRN,"Gross graduation ratio from first degree programmes (ISCED 6 and 7) in tertiary education, both sexes (%)",SE.TER.CMPL.ZS,Unit (0.0),NA,NA,NA,NA,NA,NA,NA,NA,NA,NA,NA,NA,NA,NA,NA,NA,NA,NA,NA,NA,NA,NA,NA,NA,NA,NA,NA,NA,NA,NA,NA,NA,NA,8.7,10.0,10.0,10.6,9.6,10.6,14.7,17.2,16.7,18.0,NA,NA
Iraq,IRQ,"Gross graduation ratio from first degree programmes (ISCED 6 and 7) in tertiary education, both sexes (%)",SE.TER.CMPL.ZS,Unit (0.0),NA,NA,NA,NA,NA,NA,NA,NA,NA,NA,NA,NA,NA,NA,NA,NA,NA,NA,NA,NA,NA,NA,NA,NA,NA,NA,NA,NA,NA,NA,NA,NA,NA,NA,10.8,NA,NA,NA,NA,NA,NA,NA,NA,NA,NA
Ireland,IRL,"Gross graduation ratio from first degree programmes (ISCED 6 and 7) in tertiary education, both sexes (%)",SE.TER.CMPL.ZS,Unit (0.0),NA,NA,NA,NA,NA,NA,NA,NA,NA,NA,NA,NA,NA,NA,NA,NA,NA,NA,NA,NA,NA,NA,NA,NA,NA,NA,NA,NA,24.9,30.6,31.1,30.3,32.6,36.5,37.4,38.5,40.5,43.5,45.7,46.6,50.4,NA,NA,NA,NA
Isle of Man,IMY,"Gross graduation ratio from first degree programmes (ISCED 6 and 7) in tertiary education, both sexes (%)",SE.TER.CMPL.ZS,Unit (0.0),NA,NA,NA,NA,NA,NA,NA,NA,NA,NA,NA,NA,NA,NA,NA,NA,NA,NA,NA,NA,NA,NA,NA,NA,NA,NA,NA,NA,NA,NA,NA,NA,NA,NA,NA,NA,NA,NA,NA,NA,NA,NA,NA,NA,NA
Israel,ISR,"Gross graduation ratio from first degree programmes (ISCED 6 and 7) in tertiary education, both sexes (%)",SE.TER.CMPL.ZS,Unit (0.0),NA,NA,NA,NA,NA,NA,NA,NA,NA,NA,NA,NA,NA,NA,NA,NA,NA,NA,NA,NA,NA,NA,NA,NA,NA,NA,NA,NA,NA,26.5,29.7,29.5,30.5,31.6,32.5,33.7,35.0,35.9,35.7,36.6,38.6,34.0,42.4,NA,NA
Italy,ITA,"Gross graduation ratio from first degree programmes (ISCED 6 and 7) in tertiary education, both sexes (%)",SE.TER.CMPL.ZS,Unit (0.0),NA,NA,NA,NA,NA,NA,NA,NA,NA,NA,NA,NA,NA,NA,NA,NA,NA,NA,NA,NA,NA,NA,NA,NA,NA,NA,NA,NA,18.1,20.0,22.1,24.4,29.2,34.7,40.8,46.3,43.8,40.2,37.0,35.7,34.0,34.8,34.2,NA,NA
Jamaica,JAM,"Gross graduation ratio from first degree programmes (ISCED 6 and 7) in tertiary education, both sexes (%)",SE.TER.CMPL.ZS,Unit (0.0),NA,NA,NA,NA,NA,NA,NA,NA,NA,NA,NA,NA,NA,NA,NA,NA,NA,NA,NA,NA,NA,NA,NA,NA,NA,NA,NA,NA,NA,NA,NA,NA,NA,NA,NA,NA,NA,NA,NA,NA,NA,NA,NA,NA,NA
Japan,JPN,"Gross graduation ratio from first degree programmes (ISCED 6 and 7) in tertiary education, both sexes (%)",SE.TER.CMPL.ZS,Unit (0.0),NA,NA,NA,NA,NA,NA,NA,NA,NA,NA,NA,NA,NA,NA,NA,NA,NA,NA,NA,NA,NA,NA,NA,NA,NA,NA,NA,NA,29.2,31.1,32.8,34.4,34.9,35.3,36.3,37.2,38.9,40.2,40.8,41.7,40.8,42.5,44.1,NA,NA
Jordan,JOR,"Gross graduation ratio from first degree programmes (ISCED 6 and 7) in tertiary education, both sexes (%)",SE.TER.CMPL.ZS,Unit (0.0),NA,NA,NA,NA,NA,NA,NA,NA,NA,NA,NA,NA,NA,NA,NA,NA,NA,NA,NA,NA,NA,NA,NA,NA,NA,NA,NA,NA,NA,NA,20.2,NA,21.0,22.4,25.6,28.8,34.3,35.5,NA,39.9,NA,43.4,NA,NA,NA
Kazakhstan,KAZ,"Gross graduation ratio from first degree programmes (ISCED 6 and 7) in tertiary education, both sexes (%)",SE.TER.CMPL.ZS,Unit (0.0),NA,NA,NA,NA,NA,NA,NA,NA,NA,NA,NA,NA,NA,NA,NA,NA,NA,NA,NA,NA,NA,NA,NA,NA,NA,NA,NA,NA,NA,20.7,22.3,25.7,28.8,31.0,34.8,44.0,52.9,NA,NA,61.4,NA,NA,NA,58.6,NA
Kenya,KEN,"Gross graduation ratio from first degree programmes (ISCED 6 and 7) in tertiary education, both sexes (%)",SE.TER.CMPL.ZS,Unit (0.0),NA,NA,NA,NA,NA,NA,NA,NA,NA,NA,NA,NA,NA,NA,NA,NA,NA,NA,NA,NA,NA,NA,NA,NA,NA,NA,NA,NA,NA,NA,1.7,2.4,NA,NA,NA,NA,NA,NA,NA,NA,NA,NA,NA,NA,NA
Kiribati,KIR,"Gross graduation ratio from first degree programmes (ISCED 6 and 7) in tertiary education, both sexes (%)",SE.TER.CMPL.ZS,Unit (0.0),NA,NA,NA,NA,NA,NA,NA,NA,NA,NA,NA,NA,NA,NA,NA,NA,NA,NA,NA,NA,NA,NA,NA,NA,NA,NA,NA,NA,NA,NA,NA,NA,NA,NA,NA,NA,NA,NA,NA,NA,NA,NA,NA,NA,NA
"Korea, Dem. Rep.",PRK,"Gross graduation ratio from first degree programmes (ISCED 6 and 7) in tertiary education, both sexes (%)",SE.TER.CMPL.ZS,Unit (0.0),NA,NA,NA,NA,NA,NA,NA,NA,NA,NA,NA,NA,NA,NA,NA,NA,NA,NA,NA,NA,NA,NA,NA,NA,NA,NA,NA,NA,NA,NA,NA,NA,NA,NA,NA,NA,NA,NA,NA,NA,NA,NA,NA,NA,NA
"Korea, Rep.",KOR,"Gross graduation ratio from first degree programmes (ISCED 6 and 7) in tertiary education, both sexes (%)",SE.TER.CMPL.ZS,Unit (0.0),NA,NA,NA,NA,NA,NA,NA,NA,NA,NA,NA,NA,NA,NA,NA,NA,NA,NA,NA,NA,NA,NA,NA,NA,NA,NA,NA,NA,24.6,26.3,28.1,31.9,32.7,34.5,35.3,35.7,37.3,40.3,47.9,49.1,NA,51.4,50.0,NA,NA
Kosovo,KSV,"Gross graduation ratio from first degree programmes (ISCED 6 and 7) in tertiary education, both sexes (%)",SE.TER.CMPL.ZS,Unit (0.0),NA,NA,NA,NA,NA,NA,NA,NA,NA,NA,NA,NA,NA,NA,NA,NA,NA,NA,NA,NA,NA,NA,NA,NA,NA,NA,NA,NA,NA,NA,NA,NA,NA,NA,NA,NA,NA,NA,NA,NA,NA,NA,NA,NA,NA
Kuwait,KWT,"Gross graduation ratio from first degree programmes (ISCED 6 and 7) in tertiary education, both sexes (%)",SE.TER.CMPL.ZS,Unit (0.0),NA,NA,NA,NA,NA,NA,NA,NA,NA,NA,NA,NA,NA,NA,NA,NA,NA,NA,NA,NA,NA,NA,NA,NA,NA,NA,NA,NA,NA,NA,NA,NA,NA,NA,NA,NA,NA,NA,NA,NA,NA,NA,NA,13.0,NA
Kyrgyz Republic,KGZ,"Gross graduation ratio from first degree programmes (ISCED 6 and 7) in tertiary education, both sexes (%)",SE.TER.CMPL.ZS,Unit (0.0),NA,NA,NA,NA,NA,NA,NA,NA,NA,NA,NA,NA,NA,NA,NA,NA,NA,NA,NA,NA,NA,NA,NA,NA,NA,NA,NA,NA,NA,14.0,NA,19.4,24.0,27.4,32.0,33.0,31.0,28.1,22.7,27.3,29.5,29.3,33.0,33.4,NA
Lao PDR,LAO,"Gross graduation ratio from first degree programmes (ISCED 6 and 7) in tertiary education, both sexes (%)",SE.TER.CMPL.ZS,Unit (0.0),NA,NA,NA,NA,NA,NA,NA,NA,NA,NA,NA,NA,NA,NA,NA,NA,NA,NA,NA,NA,NA,NA,NA,NA,NA,NA,NA,NA,NA,1.3,1.0,1.7,NA,1.7,1.7,1.5,2.7,NA,NA,3.3,NA,6.4,5.3,11.6,NA
Latin America & Caribbean (all income levels),LCN,"Gross graduation ratio from first degree programmes (ISCED 6 and 7) in tertiary education, both sexes (%)",SE.TER.CMPL.ZS,Unit (0.0),NA,NA,NA,NA,NA,NA,NA,NA,NA,NA,NA,NA,NA,NA,NA,NA,NA,NA,NA,NA,NA,NA,NA,NA,NA,NA,NA,NA,NA,NA,NA,NA,NA,NA,NA,NA,NA,NA,NA,NA,NA,NA,NA,NA,NA
Latin America & Caribbean (developing only),LAC,"Gross graduation ratio from first degree programmes (ISCED 6 and 7) in tertiary education, both sexes (%)",SE.TER.CMPL.ZS,Unit (0.0),NA,NA,NA,NA,NA,NA,NA,NA,NA,NA,NA,NA,NA,NA,NA,NA,NA,NA,NA,NA,NA,NA,NA,NA,NA,NA,NA,NA,NA,NA,NA,NA,NA,NA,NA,NA,NA,NA,NA,NA,NA,NA,NA,NA,NA
Latvia,LVA,"Gross graduation ratio from first degree programmes (ISCED 6 and 7) in tertiary education, both sexes (%)",SE.TER.CMPL.ZS,Unit (0.0),NA,NA,NA,NA,NA,NA,NA,NA,NA,NA,NA,NA,NA,NA,NA,NA,NA,NA,NA,NA,NA,NA,NA,NA,NA,NA,NA,NA,NA,29.7,42.7,58.4,51.7,28.9,41.8,47.2,50.6,48.0,38.8,44.2,47.8,43.4,41.3,NA,NA
Least developed countries: UN classification,LDC,"Gross graduation ratio from first degree programmes (ISCED 6 and 7) in tertiary education, both sexes (%)",SE.TER.CMPL.ZS,Unit (0.0),NA,NA,NA,NA,NA,NA,NA,NA,NA,NA,NA,NA,NA,NA,NA,NA,NA,NA,NA,NA,NA,NA,NA,NA,NA,NA,NA,NA,NA,NA,NA,NA,NA,NA,NA,NA,NA,NA,NA,NA,NA,NA,NA,NA,NA
Lebanon,LBN,"Gross graduation ratio from first degree programmes (ISCED 6 and 7) in tertiary education, both sexes (%)",SE.TER.CMPL.ZS,Unit (0.0),NA,NA,NA,NA,NA,NA,NA,NA,NA,NA,NA,NA,NA,NA,NA,NA,NA,NA,NA,NA,NA,NA,NA,NA,NA,NA,NA,NA,NA,NA,17.2,19.3,19.8,21.6,22.3,22.2,25.7,26.3,25.8,28.6,28.5,28.4,NA,NA,NA
Lesotho,LSO,"Gross graduation ratio from first degree programmes (ISCED 6 and 7) in tertiary education, both sexes (%)",SE.TER.CMPL.ZS,Unit (0.0),NA,NA,NA,NA,NA,NA,NA,NA,NA,NA,NA,NA,NA,NA,NA,NA,NA,NA,NA,NA,NA,NA,NA,NA,NA,NA,NA,NA,NA,1.3,NA,1.1,1.3,1.2,NA,NA,NA,NA,NA,NA,NA,NA,2.7,NA,NA
Liberia,LBR,"Gross graduation ratio from first degree programmes (ISCED 6 and 7) in tertiary education, both sexes (%)",SE.TER.CMPL.ZS,Unit (0.0),NA,NA,NA,NA,NA,NA,NA,NA,NA,NA,NA,NA,NA,NA,NA,NA,NA,NA,NA,NA,NA,NA,NA,NA,NA,NA,NA,NA,NA,NA,4.2,NA,NA,NA,NA,NA,NA,NA,NA,NA,NA,NA,NA,NA,NA
Libya,LBY,"Gross graduation ratio from first degree programmes (ISCED 6 and 7) in tertiary education, both sexes (%)",SE.TER.CMPL.ZS,Unit (0.0),NA,NA,NA,NA,NA,NA,NA,NA,NA,NA,NA,NA,NA,NA,NA,NA,NA,NA,NA,NA,NA,NA,NA,NA,NA,NA,NA,NA,NA,NA,NA,NA,NA,NA,NA,NA,NA,NA,NA,NA,NA,NA,NA,NA,NA
Liechtenstein,LIE,"Gross graduation ratio from first degree programmes (ISCED 6 and 7) in tertiary education, both sexes (%)",SE.TER.CMPL.ZS,Unit (0.0),NA,NA,NA,NA,NA,NA,NA,NA,NA,NA,NA,NA,NA,NA,NA,NA,NA,NA,NA,NA,NA,NA,NA,NA,NA,NA,NA,NA,NA,NA,NA,NA,NA,14.2,NA,18.9,28.7,32.3,43.5,35.0,21.7,22.5,NA,NA,NA
Lithuania,LTU,"Gross graduation ratio from first degree programmes (ISCED 6 and 7) in tertiary education, both sexes (%)",SE.TER.CMPL.ZS,Unit (0.0),NA,NA,NA,NA,NA,NA,NA,NA,NA,NA,NA,NA,NA,NA,NA,NA,NA,NA,NA,NA,NA,NA,NA,NA,NA,NA,NA,NA,NA,18.9,22.0,25.2,27.3,32.7,34.3,39.3,43.8,45.3,43.4,45.6,44.3,42.6,44.1,NA,NA
Low & middle income,LMY,"Gross graduation ratio from first degree programmes (ISCED 6 and 7) in tertiary education, both sexes (%)",SE.TER.CMPL.ZS,Unit (0.0),NA,NA,NA,NA,NA,NA,NA,NA,NA,NA,NA,NA,NA,NA,NA,NA,NA,NA,NA,NA,NA,NA,NA,NA,NA,NA,NA,NA,NA,NA,NA,NA,NA,NA,NA,NA,NA,NA,NA,NA,NA,NA,NA,NA,NA
Low income,LIC,"Gross graduation ratio from first degree programmes (ISCED 6 and 7) in tertiary education, both sexes (%)",SE.TER.CMPL.ZS,Unit (0.0),NA,NA,NA,NA,NA,NA,NA,NA,NA,NA,NA,NA,NA,NA,NA,NA,NA,NA,NA,NA,NA,NA,NA,NA,NA,NA,NA,NA,NA,NA,NA,NA,NA,NA,NA,NA,NA,NA,NA,NA,NA,NA,NA,NA,NA
Lower middle income,LMC,"Gross graduation ratio from first degree programmes (ISCED 6 and 7) in tertiary education, both sexes (%)",SE.TER.CMPL.ZS,Unit (0.0),NA,NA,NA,NA,NA,NA,NA,NA,NA,NA,NA,NA,NA,NA,NA,NA,NA,NA,NA,NA,NA,NA,NA,NA,NA,NA,NA,NA,NA,NA,NA,NA,NA,NA,NA,NA,NA,NA,NA,NA,NA,NA,NA,NA,NA
Luxembourg,LUX,"Gross graduation ratio from first degree programmes (ISCED 6 and 7) in tertiary education, both sexes (%)",SE.TER.CMPL.ZS,Unit (0.0),NA,NA,NA,NA,NA,NA,NA,NA,NA,NA,NA,NA,NA,NA,NA,NA,NA,NA,NA,NA,NA,NA,NA,NA,NA,NA,NA,NA,NA,NA,4.7,NA,NA,NA,NA,NA,NA,NA,5.7,NA,NA,NA,9.9,NA,NA
"Macao SAR, China",MAC,"Gross graduation ratio from first degree programmes (ISCED 6 and 7) in tertiary education, both sexes (%)",SE.TER.CMPL.ZS,Unit (0.0),NA,NA,NA,NA,NA,NA,NA,NA,NA,NA,NA,NA,NA,NA,NA,NA,NA,NA,NA,NA,NA,NA,NA,NA,NA,NA,NA,NA,NA,NA,11.8,16.0,13.7,15.1,20.3,23.1,30.3,29.8,30.6,33.3,39.0,38.1,NA,44.4,NA
"Macedonia, FYR",MKD,"Gross graduation ratio from first degree programmes (ISCED 6 and 7) in tertiary education, both sexes (%)",SE.TER.CMPL.ZS,Unit (0.0),NA,NA,NA,NA,NA,NA,NA,NA,NA,NA,NA,NA,NA,NA,NA,NA,NA,NA,NA,NA,NA,NA,NA,NA,NA,NA,NA,NA,NA,8.0,10.2,9.7,10.0,12.6,14.3,15.5,17.6,23.8,30.5,29.5,28.6,28.3,30.8,NA,NA
Madagascar,MDG,"Gross graduation ratio from first degree programmes (ISCED 6 and 7) in tertiary education, both sexes (%)",SE.TER.CMPL.ZS,Unit (0.0),NA,NA,NA,NA,NA,NA,NA,NA,NA,NA,NA,NA,NA,NA,NA,NA,NA,NA,NA,NA,NA,NA,NA,NA,NA,NA,NA,NA,NA,NA,NA,1.1,0.9,1.0,1.3,1.3,1.3,1.4,1.3,1.3,1.1,1.4,1.6,NA,NA
Malawi,MWI,"Gross graduation ratio from first degree programmes (ISCED 6 and 7) in tertiary education, both sexes (%)",SE.TER.CMPL.ZS,Unit (0.0),NA,NA,NA,NA,NA,NA,NA,NA,NA,NA,NA,NA,NA,NA,NA,NA,NA,NA,NA,NA,NA,NA,NA,NA,NA,NA,NA,NA,NA,NA,NA,NA,NA,NA,NA,NA,NA,0.5,NA,NA,NA,NA,NA,NA,NA
Malaysia,MYS,"Gross graduation ratio from first degree programmes (ISCED 6 and 7) in tertiary education, both sexes (%)",SE.TER.CMPL.ZS,Unit (0.0),NA,NA,NA,NA,NA,NA,NA,NA,NA,NA,NA,NA,NA,NA,NA,NA,NA,NA,NA,NA,NA,NA,NA,NA,NA,NA,NA,NA,NA,10.7,NA,NA,13.1,12.4,14.4,14.9,16.7,15.9,16.3,19.3,17.8,16.6,21.9,NA,NA
Maldives,MDV,"Gross graduation ratio from first degree programmes (ISCED 6 and 7) in tertiary education, both sexes (%)",SE.TER.CMPL.ZS,Unit (0.0),NA,NA,NA,NA,NA,NA,NA,NA,NA,NA,NA,NA,NA,NA,NA,NA,NA,NA,NA,NA,NA,NA,NA,NA,NA,NA,NA,NA,NA,NA,NA,NA,NA,NA,NA,NA,NA,NA,NA,NA,NA,NA,NA,NA,NA
Mali,MLI,"Gross graduation ratio from first degree programmes (ISCED 6 and 7) in tertiary education, both sexes (%)",SE.TER.CMPL.ZS,Unit (0.0),NA,NA,NA,NA,NA,NA,NA,NA,NA,NA,NA,NA,NA,NA,NA,NA,NA,NA,NA,NA,NA,NA,NA,NA,NA,NA,NA,NA,NA,NA,NA,NA,NA,NA,NA,NA,NA,NA,NA,NA,NA,NA,NA,NA,NA
Malta,MLT,"Gross graduation ratio from first degree programmes (ISCED 6 and 7) in tertiary education, both sexes (%)",SE.TER.CMPL.ZS,Unit (0.0),NA,NA,NA,NA,NA,NA,NA,NA,NA,NA,NA,NA,NA,NA,NA,NA,NA,NA,NA,NA,NA,NA,NA,NA,NA,NA,NA,NA,NA,NA,14.6,18.4,18.9,24.0,21.9,28.9,32.2,NA,NA,34.9,33.6,31.7,31.4,NA,NA
Marshall Islands,MHL,"Gross graduation ratio from first degree programmes (ISCED 6 and 7) in tertiary education, both sexes (%)",SE.TER.CMPL.ZS,Unit (0.0),NA,NA,NA,NA,NA,NA,NA,NA,NA,NA,NA,NA,NA,NA,NA,NA,NA,NA,NA,NA,NA,NA,NA,NA,NA,NA,NA,NA,NA,NA,NA,NA,NA,NA,NA,NA,NA,NA,NA,NA,NA,NA,NA,NA,NA
Mauritania,MRT,"Gross graduation ratio from first degree programmes (ISCED 6 and 7) in tertiary education, both sexes (%)",SE.TER.CMPL.ZS,Unit (0.0),NA,NA,NA,NA,NA,NA,NA,NA,NA,NA,NA,NA,NA,NA,NA,NA,NA,NA,NA,NA,NA,NA,NA,NA,NA,NA,NA,NA,NA,NA,NA,NA,NA,NA,NA,NA,NA,NA,NA,NA,NA,NA,NA,NA,NA
Mauritius,MUS,"Gross graduation ratio from first degree programmes (ISCED 6 and 7) in tertiary education, both sexes (%)",SE.TER.CMPL.ZS,Unit (0.0),NA,NA,NA,NA,NA,NA,NA,NA,NA,NA,NA,NA,NA,NA,NA,NA,NA,NA,NA,NA,NA,NA,NA,NA,NA,NA,NA,NA,NA,NA,NA,NA,NA,NA,NA,NA,NA,NA,NA,NA,NA,NA,NA,NA,NA
Mexico,MEX,"Gross graduation ratio from first degree programmes (ISCED 6 and 7) in tertiary education, both sexes (%)",SE.TER.CMPL.ZS,Unit (0.0),NA,NA,NA,NA,NA,NA,NA,NA,NA,NA,NA,NA,NA,NA,NA,NA,NA,NA,NA,NA,NA,NA,NA,NA,NA,NA,NA,NA,NA,NA,NA,14.9,NA,14.1,13.9,15.6,17.0,17.0,16.6,17.7,18.0,19.2,NA,NA,NA
"Micronesia, Fed. Sts.",FSM,"Gross graduation ratio from first degree programmes (ISCED 6 and 7) in tertiary education, both sexes (%)",SE.TER.CMPL.ZS,Unit (0.0),NA,NA,NA,NA,NA,NA,NA,NA,NA,NA,NA,NA,NA,NA,NA,NA,NA,NA,NA,NA,NA,NA,NA,NA,NA,NA,NA,NA,NA,NA,NA,NA,NA,NA,NA,NA,NA,NA,NA,NA,NA,NA,NA,NA,NA
Middle East & North Africa (all income levels),MEA,"Gross graduation ratio from first degree programmes (ISCED 6 and 7) in tertiary education, both sexes (%)",SE.TER.CMPL.ZS,Unit (0.0),NA,NA,NA,NA,NA,NA,NA,NA,NA,NA,NA,NA,NA,NA,NA,NA,NA,NA,NA,NA,NA,NA,NA,NA,NA,NA,NA,NA,NA,NA,NA,NA,NA,NA,NA,NA,NA,NA,NA,NA,NA,NA,NA,NA,NA
Middle East & North Africa (developing only),MNA,"Gross graduation ratio from first degree programmes (ISCED 6 and 7) in tertiary education, both sexes (%)",SE.TER.CMPL.ZS,Unit (0.0),NA,NA,NA,NA,NA,NA,NA,NA,NA,NA,NA,NA,NA,NA,NA,NA,NA,NA,NA,NA,NA,NA,NA,NA,NA,NA,NA,NA,NA,NA,NA,NA,NA,NA,NA,NA,NA,NA,NA,NA,NA,NA,NA,NA,NA
Middle income,MIC,"Gross graduation ratio from first degree programmes (ISCED 6 and 7) in tertiary education, both sexes (%)",SE.TER.CMPL.ZS,Unit (0.0),NA,NA,NA,NA,NA,NA,NA,NA,NA,NA,NA,NA,NA,NA,NA,NA,NA,NA,NA,NA,NA,NA,NA,NA,NA,NA,NA,NA,NA,NA,NA,NA,NA,NA,NA,NA,NA,NA,NA,NA,NA,NA,NA,NA,NA
Moldova,MDA,"Gross graduation ratio from first degree programmes (ISCED 6 and 7) in tertiary education, both sexes (%)",SE.TER.CMPL.ZS,Unit (0.0),NA,NA,NA,NA,NA,NA,NA,NA,NA,NA,NA,NA,NA,NA,NA,NA,NA,NA,NA,NA,NA,NA,NA,NA,NA,NA,NA,NA,NA,NA,NA,NA,NA,NA,NA,NA,NA,NA,NA,NA,NA,35.6,34.9,NA,NA
Monaco,MCO,"Gross graduation ratio from first degree programmes (ISCED 6 and 7) in tertiary education, both sexes (%)",SE.TER.CMPL.ZS,Unit (0.0),NA,NA,NA,NA,NA,NA,NA,NA,NA,NA,NA,NA,NA,NA,NA,NA,NA,NA,NA,NA,NA,NA,NA,NA,NA,NA,NA,NA,NA,NA,NA,NA,NA,NA,NA,NA,NA,NA,NA,NA,NA,NA,NA,NA,NA
Mongolia,MNG,"Gross graduation ratio from first degree programmes (ISCED 6 and 7) in tertiary education, both sexes (%)",SE.TER.CMPL.ZS,Unit (0.0),NA,NA,NA,NA,NA,NA,NA,NA,NA,NA,NA,NA,NA,NA,NA,NA,NA,NA,NA,NA,NA,NA,NA,NA,NA,NA,NA,NA,NA,17.8,18.9,27.0,33.2,31.2,35.2,35.6,36.9,38.9,42.9,44.4,45.1,50.8,56.1,62.3,NA
Montenegro,MNE,"Gross graduation ratio from first degree programmes (ISCED 6 and 7) in tertiary education, both sexes (%)",SE.TER.CMPL.ZS,Unit (0.0),NA,NA,NA,NA,NA,NA,NA,NA,NA,NA,NA,NA,NA,NA,NA,NA,NA,NA,NA,NA,NA,NA,NA,NA,NA,NA,NA,NA,NA,NA,NA,NA,NA,NA,NA,NA,NA,NA,NA,NA,NA,NA,NA,NA,NA
Morocco,MAR,"Gross graduation ratio from first degree programmes (ISCED 6 and 7) in tertiary education, both sexes (%)",SE.TER.CMPL.ZS,Unit (0.0),NA,NA,NA,NA,NA,NA,NA,NA,NA,NA,NA,NA,NA,NA,NA,NA,NA,NA,NA,NA,NA,NA,NA,NA,NA,NA,NA,NA,NA,NA,NA,5.0,NA,NA,NA,NA,4.7,NA,NA,NA,NA,NA,NA,NA,NA
Mozambique,MOZ,"Gross graduation ratio from first degree programmes (ISCED 6 and 7) in tertiary education, both sexes (%)",SE.TER.CMPL.ZS,Unit (0.0),NA,NA,NA,NA,NA,NA,NA,NA,NA,NA,NA,NA,NA,NA,NA,NA,NA,NA,NA,NA,NA,NA,NA,NA,NA,NA,NA,NA,NA,NA,NA,NA,NA,NA,0.8,NA,NA,NA,1.7,2.0,NA,NA,NA,NA,NA
Myanmar,MMR,"Gross graduation ratio from first degree programmes (ISCED 6 and 7) in tertiary education, both sexes (%)",SE.TER.CMPL.ZS,Unit (0.0),NA,NA,NA,NA,NA,NA,NA,NA,NA,NA,NA,NA,NA,NA,NA,NA,NA,NA,NA,NA,NA,NA,NA,NA,NA,NA,NA,NA,NA,NA,NA,NA,NA,NA,NA,NA,NA,9.6,NA,NA,NA,12.4,28.3,NA,NA
Namibia,NAM,"Gross graduation ratio from first degree programmes (ISCED 6 and 7) in tertiary education, both sexes (%)",SE.TER.CMPL.ZS,Unit (0.0),NA,NA,NA,NA,NA,NA,NA,NA,NA,NA,NA,NA,NA,NA,NA,NA,NA,NA,NA,NA,NA,NA,NA,NA,NA,NA,NA,NA,NA,NA,NA,7.3,NA,4.0,NA,5.4,3.6,NA,7.1,NA,NA,NA,NA,NA,NA
Nepal,NPL,"Gross graduation ratio from first degree programmes (ISCED 6 and 7) in tertiary education, both sexes (%)",SE.TER.CMPL.ZS,Unit (0.0),NA,NA,NA,NA,NA,NA,NA,NA,NA,NA,NA,NA,NA,NA,NA,NA,NA,NA,NA,NA,NA,NA,NA,NA,NA,NA,NA,NA,NA,NA,NA,NA,NA,NA,NA,4.9,5.0,NA,7.1,NA,7.2,7.3,NA,NA,NA
Netherlands,NLD,"Gross graduation ratio from first degree programmes (ISCED 6 and 7) in tertiary education, both sexes (%)",SE.TER.CMPL.ZS,Unit (0.0),NA,NA,NA,NA,NA,NA,NA,NA,NA,NA,NA,NA,NA,NA,NA,NA,NA,NA,NA,NA,NA,NA,NA,NA,NA,NA,NA,NA,NA,36.3,37.3,38.4,40.1,43.5,43.9,46.3,48.3,47.1,44.9,45.0,45.0,45.8,49.7,NA,NA
New Caledonia,NCL,"Gross graduation ratio from first degree programmes (ISCED 6 and 7) in tertiary education, both sexes (%)",SE.TER.CMPL.ZS,Unit (0.0),NA,NA,NA,NA,NA,NA,NA,NA,NA,NA,NA,NA,NA,NA,NA,NA,NA,NA,NA,NA,NA,NA,NA,NA,NA,NA,NA,NA,NA,NA,NA,NA,NA,NA,NA,NA,NA,NA,NA,NA,NA,NA,NA,NA,NA
New Zealand,NZL,"Gross graduation ratio from first degree programmes (ISCED 6 and 7) in tertiary education, both sexes (%)",SE.TER.CMPL.ZS,Unit (0.0),NA,NA,NA,NA,NA,NA,NA,NA,NA,NA,NA,NA,NA,NA,NA,NA,NA,NA,NA,NA,NA,NA,NA,NA,NA,NA,NA,NA,35.4,39.8,41.5,41.2,39.7,37.5,49.2,51.2,54.9,54.2,48.2,50.2,47.7,53.2,57.7,NA,NA
Nicaragua,NIC,"Gross graduation ratio from first degree programmes (ISCED 6 and 7) in tertiary education, both sexes (%)",SE.TER.CMPL.ZS,Unit (0.0),NA,NA,NA,NA,NA,NA,NA,NA,NA,NA,NA,NA,NA,NA,NA,NA,NA,NA,NA,NA,NA,NA,NA,NA,NA,NA,NA,NA,NA,NA,NA,NA,3.1,NA,NA,NA,NA,NA,NA,NA,NA,NA,NA,NA,NA
Niger,NER,"Gross graduation ratio from first degree programmes (ISCED 6 and 7) in tertiary education, both sexes (%)",SE.TER.CMPL.ZS,Unit (0.0),NA,NA,NA,NA,NA,NA,NA,NA,NA,NA,NA,NA,NA,NA,NA,NA,NA,NA,NA,NA,NA,NA,NA,NA,NA,NA,NA,NA,NA,NA,NA,0.3,NA,NA,NA,NA,NA,NA,NA,NA,0.9,NA,NA,NA,NA
Nigeria,NGA,"Gross graduation ratio from first degree programmes (ISCED 6 and 7) in tertiary education, both sexes (%)",SE.TER.CMPL.ZS,Unit (0.0),NA,NA,NA,NA,NA,NA,NA,NA,NA,NA,NA,NA,NA,NA,NA,NA,NA,NA,NA,NA,NA,NA,NA,NA,NA,NA,NA,NA,NA,1.7,NA,NA,NA,NA,NA,NA,NA,NA,NA,NA,NA,NA,NA,NA,NA
North America,NAC,"Gross graduation ratio from first degree programmes (ISCED 6 and 7) in tertiary education, both sexes (%)",SE.TER.CMPL.ZS,Unit (0.0),NA,NA,NA,NA,NA,NA,NA,NA,NA,NA,NA,NA,NA,NA,NA,NA,NA,NA,NA,NA,NA,NA,NA,NA,NA,NA,NA,NA,NA,NA,NA,NA,NA,NA,NA,NA,NA,NA,NA,NA,NA,NA,NA,NA,NA
Northern Mariana Islands,MNP,"Gross graduation ratio from first degree programmes (ISCED 6 and 7) in tertiary education, both sexes (%)",SE.TER.CMPL.ZS,Unit (0.0),NA,NA,NA,NA,NA,NA,NA,NA,NA,NA,NA,NA,NA,NA,NA,NA,NA,NA,NA,NA,NA,NA,NA,NA,NA,NA,NA,NA,NA,NA,NA,NA,NA,NA,NA,NA,NA,NA,NA,NA,NA,NA,NA,NA,NA
Norway,NOR,"Gross graduation ratio from first degree programmes (ISCED 6 and 7) in tertiary education, both sexes (%)",SE.TER.CMPL.ZS,Unit (0.0),NA,NA,NA,NA,NA,NA,NA,NA,NA,NA,NA,NA,NA,NA,NA,NA,NA,NA,NA,NA,NA,NA,NA,NA,NA,NA,NA,NA,NA,36.3,39.7,43.8,41.7,42.8,47.0,45.9,46.3,45.2,45.0,43.8,45.9,47.5,46.4,NA,NA
OECD members,OED,"Gross graduation ratio from first degree programmes (ISCED 6 and 7) in tertiary education, both sexes (%)",SE.TER.CMPL.ZS,Unit (0.0),NA,NA,NA,NA,NA,NA,NA,NA,NA,NA,NA,NA,NA,NA,NA,NA,NA,NA,NA,NA,NA,NA,NA,NA,NA,NA,NA,NA,NA,NA,NA,NA,NA,NA,NA,NA,NA,NA,NA,NA,NA,NA,NA,NA,NA
Oman,OMN,"Gross graduation ratio from first degree programmes (ISCED 6 and 7) in tertiary education, both sexes (%)",SE.TER.CMPL.ZS,Unit (0.0),NA,NA,NA,NA,NA,NA,NA,NA,NA,NA,NA,NA,NA,NA,NA,NA,NA,NA,NA,NA,NA,NA,NA,NA,NA,NA,NA,NA,NA,NA,NA,NA,NA,NA,NA,NA,NA,10.9,NA,8.6,14.8,NA,NA,NA,NA
Pakistan,PAK,"Gross graduation ratio from first degree programmes (ISCED 6 and 7) in tertiary education, both sexes (%)",SE.TER.CMPL.ZS,Unit (0.0),NA,NA,NA,NA,NA,NA,NA,NA,NA,NA,NA,NA,NA,NA,NA,NA,NA,NA,NA,NA,NA,NA,NA,NA,NA,NA,NA,NA,NA,NA,NA,NA,NA,NA,NA,NA,NA,NA,NA,NA,NA,NA,NA,NA,NA
Palau,PLW,"Gross graduation ratio from first degree programmes (ISCED 6 and 7) in tertiary education, both sexes (%)",SE.TER.CMPL.ZS,Unit (0.0),NA,NA,NA,NA,NA,NA,NA,NA,NA,NA,NA,NA,NA,NA,NA,NA,NA,NA,NA,NA,NA,NA,NA,NA,NA,NA,NA,NA,NA,NA,NA,NA,NA,NA,NA,NA,NA,NA,NA,NA,NA,NA,NA,23.6,NA
Panama,PAN,"Gross graduation ratio from first degree programmes (ISCED 6 and 7) in tertiary education, both sexes (%)",SE.TER.CMPL.ZS,Unit (0.0),NA,NA,NA,NA,NA,NA,NA,NA,NA,NA,NA,NA,NA,NA,NA,NA,NA,NA,NA,NA,NA,NA,NA,NA,NA,NA,NA,NA,NA,NA,NA,NA,21.2,22.0,23.2,20.8,23.3,20.9,22.4,22.8,22.7,NA,23.2,NA,NA
Papua New Guinea,PNG,"Gross graduation ratio from first degree programmes (ISCED 6 and 7) in tertiary education, both sexes (%)",SE.TER.CMPL.ZS,Unit (0.0),NA,NA,NA,NA,NA,NA,NA,NA,NA,NA,NA,NA,NA,NA,NA,NA,NA,NA,NA,NA,NA,NA,NA,NA,NA,NA,NA,NA,1.1,NA,NA,NA,NA,NA,NA,NA,NA,NA,NA,NA,NA,NA,NA,NA,NA
Paraguay,PRY,"Gross graduation ratio from first degree programmes (ISCED 6 and 7) in tertiary education, both sexes (%)",SE.TER.CMPL.ZS,Unit (0.0),NA,NA,NA,NA,NA,NA,NA,NA,NA,NA,NA,NA,NA,NA,NA,NA,NA,NA,NA,NA,NA,NA,NA,NA,NA,NA,NA,NA,NA,NA,NA,7.0,NA,NA,NA,NA,NA,NA,NA,NA,NA,NA,NA,NA,NA
Peru,PER,"Gross graduation ratio from first degree programmes (ISCED 6 and 7) in tertiary education, both sexes (%)",SE.TER.CMPL.ZS,Unit (0.0),NA,NA,NA,NA,NA,NA,NA,NA,NA,NA,NA,NA,NA,NA,NA,NA,NA,NA,NA,NA,NA,NA,NA,NA,NA,NA,NA,NA,NA,NA,NA,NA,NA,NA,NA,NA,NA,NA,NA,NA,NA,NA,NA,NA,NA
Philippines,PHL,"Gross graduation ratio from first degree programmes (ISCED 6 and 7) in tertiary education, both sexes (%)",SE.TER.CMPL.ZS,Unit (0.0),NA,NA,NA,NA,NA,NA,NA,NA,NA,NA,NA,NA,NA,NA,NA,NA,NA,NA,NA,NA,NA,NA,NA,NA,NA,NA,NA,NA,NA,NA,NA,18.4,19.0,19.8,20.3,18.7,19.4,NA,NA,NA,NA,NA,NA,NA,NA
Poland,POL,"Gross graduation ratio from first degree programmes (ISCED 6 and 7) in tertiary education, both sexes (%)",SE.TER.CMPL.ZS,Unit (0.0),NA,NA,NA,NA,NA,NA,NA,NA,NA,NA,NA,NA,NA,NA,NA,NA,NA,NA,NA,NA,NA,NA,NA,NA,NA,NA,NA,NA,NA,30.5,35.7,40.4,42.8,43.4,41.3,42.5,44.0,48.0,51.5,54.4,61.2,63.8,58.1,NA,NA
Portugal,PRT,"Gross graduation ratio from first degree programmes (ISCED 6 and 7) in tertiary education, both sexes (%)",SE.TER.CMPL.ZS,Unit (0.0),NA,NA,NA,NA,NA,NA,NA,NA,NA,NA,NA,NA,NA,NA,NA,NA,NA,NA,NA,NA,NA,NA,NA,NA,NA,NA,NA,NA,NA,NA,NA,NA,NA,NA,35.2,36.6,38.2,50.2,53.9,47.3,46.8,45.2,45.0,NA,NA
Puerto Rico,PRI,"Gross graduation ratio from first degree programmes (ISCED 6 and 7) in tertiary education, both sexes (%)",SE.TER.CMPL.ZS,Unit (0.0),NA,NA,NA,NA,NA,NA,NA,NA,NA,NA,NA,NA,NA,NA,NA,NA,NA,NA,NA,NA,NA,NA,NA,NA,NA,NA,NA,NA,NA,NA,NA,NA,NA,NA,NA,NA,NA,NA,NA,NA,NA,NA,NA,NA,NA
Qatar,QAT,"Gross graduation ratio from first degree programmes (ISCED 6 and 7) in tertiary education, both sexes (%)",SE.TER.CMPL.ZS,Unit (0.0),NA,NA,NA,NA,NA,NA,NA,NA,NA,NA,NA,NA,NA,NA,NA,NA,NA,NA,NA,NA,NA,NA,NA,NA,NA,NA,NA,NA,NA,NA,18.1,14.1,11.5,11.5,NA,NA,NA,4.8,4.4,NA,3.0,3.3,3.2,3.4,NA
Romania,ROM,"Gross graduation ratio from first degree programmes (ISCED 6 and 7) in tertiary education, both sexes (%)",SE.TER.CMPL.ZS,Unit (0.0),NA,NA,NA,NA,NA,NA,NA,NA,NA,NA,NA,NA,NA,NA,NA,NA,NA,NA,NA,NA,NA,NA,NA,NA,NA,NA,NA,NA,NA,16.1,16.2,17.4,21.3,24.8,28.7,30.1,31.7,35.2,67.7,60.5,52.2,46.8,NA,NA,NA
Russian Federation,RUS,"Gross graduation ratio from first degree programmes (ISCED 6 and 7) in tertiary education, both sexes (%)",SE.TER.CMPL.ZS,Unit (0.0),NA,NA,NA,NA,NA,NA,NA,NA,NA,NA,NA,NA,NA,NA,NA,NA,NA,NA,NA,NA,NA,NA,NA,NA,NA,NA,NA,NA,NA,NA,NA,27.6,30.5,34.4,39.9,43.3,45.8,49.1,51.7,51.2,NA,58.4,61.6,NA,NA
Rwanda,RWA,"Gross graduation ratio from first degree programmes (ISCED 6 and 7) in tertiary education, both sexes (%)",SE.TER.CMPL.ZS,Unit (0.0),NA,NA,NA,NA,NA,NA,NA,NA,NA,NA,NA,NA,NA,NA,NA,NA,NA,NA,NA,NA,NA,NA,NA,NA,NA,NA,NA,NA,NA,NA,NA,NA,NA,NA,1.0,NA,NA,NA,NA,NA,NA,NA,NA,NA,NA
Samoa,WSM,"Gross graduation ratio from first degree programmes (ISCED 6 and 7) in tertiary education, both sexes (%)",SE.TER.CMPL.ZS,Unit (0.0),NA,NA,NA,NA,NA,NA,NA,NA,NA,NA,NA,NA,NA,NA,NA,NA,NA,NA,NA,NA,NA,NA,NA,NA,NA,NA,NA,NA,5.3,2.1,1.7,NA,NA,NA,NA,NA,NA,NA,NA,NA,NA,NA,NA,NA,NA
San Marino,SMR,"Gross graduation ratio from first degree programmes (ISCED 6 and 7) in tertiary education, both sexes (%)",SE.TER.CMPL.ZS,Unit (0.0),NA,NA,NA,NA,NA,NA,NA,NA,NA,NA,NA,NA,NA,NA,NA,NA,NA,NA,NA,NA,NA,NA,NA,NA,NA,NA,NA,NA,NA,NA,NA,NA,NA,NA,NA,NA,NA,NA,NA,NA,NA,NA,NA,NA,NA
Sao Tome and Principe,STP,"Gross graduation ratio from first degree programmes (ISCED 6 and 7) in tertiary education, both sexes (%)",SE.TER.CMPL.ZS,Unit (0.0),NA,NA,NA,NA,NA,NA,NA,NA,NA,NA,NA,NA,NA,NA,NA,NA,NA,NA,NA,NA,NA,NA,NA,NA,NA,NA,NA,NA,NA,NA,NA,NA,NA,NA,NA,NA,NA,NA,NA,NA,NA,NA,NA,NA,NA
Saudi Arabia,SAU,"Gross graduation ratio from first degree programmes (ISCED 6 and 7) in tertiary education, both sexes (%)",SE.TER.CMPL.ZS,Unit (0.0),NA,NA,NA,NA,NA,NA,NA,NA,NA,NA,NA,NA,NA,NA,NA,NA,NA,NA,NA,NA,NA,NA,NA,NA,NA,NA,NA,NA,9.5,12.0,12.4,12.9,14.3,14.3,15.1,15.0,16.5,16.8,17.4,18.6,17.0,16.9,18.1,20.5,NA
Senegal,SEN,"Gross graduation ratio from first degree programmes (ISCED 6 and 7) in tertiary education, both sexes (%)",SE.TER.CMPL.ZS,Unit (0.0),NA,NA,NA,NA,NA,NA,NA,NA,NA,NA,NA,NA,NA,NA,NA,NA,NA,NA,NA,NA,NA,NA,NA,NA,NA,NA,NA,NA,NA,NA,NA,NA,NA,NA,NA,NA,NA,NA,NA,NA,NA,NA,NA,NA,NA
Serbia,SRB,"Gross graduation ratio from first degree programmes (ISCED 6 and 7) in tertiary education, both sexes (%)",SE.TER.CMPL.ZS,Unit (0.0),NA,NA,NA,NA,NA,NA,NA,NA,NA,NA,NA,NA,NA,NA,NA,NA,NA,NA,NA,NA,NA,NA,NA,NA,NA,NA,NA,NA,NA,NA,NA,NA,NA,NA,NA,NA,NA,NA,NA,NA,NA,NA,NA,NA,NA
Seychelles,SYC,"Gross graduation ratio from first degree programmes (ISCED 6 and 7) in tertiary education, both sexes (%)",SE.TER.CMPL.ZS,Unit (0.0),NA,NA,NA,NA,NA,NA,NA,NA,NA,NA,NA,NA,NA,NA,NA,NA,NA,NA,NA,NA,NA,NA,NA,NA,NA,NA,NA,NA,NA,NA,NA,NA,NA,NA,NA,NA,NA,NA,NA,NA,NA,NA,1.5,NA,NA
Sierra Leone,SLE,"Gross graduation ratio from first degree programmes (ISCED 6 and 7) in tertiary education, both sexes (%)",SE.TER.CMPL.ZS,Unit (0.0),NA,NA,NA,NA,NA,NA,NA,NA,NA,NA,NA,NA,NA,NA,NA,NA,NA,NA,NA,NA,NA,NA,NA,NA,NA,NA,NA,NA,NA,NA,1.7,NA,NA,NA,NA,NA,NA,NA,NA,NA,NA,NA,NA,NA,NA
Singapore,SGP,"Gross graduation ratio from first degree programmes (ISCED 6 and 7) in tertiary education, both sexes (%)",SE.TER.CMPL.ZS,Unit (0.0),NA,NA,NA,NA,NA,NA,NA,NA,NA,NA,NA,NA,NA,NA,NA,NA,NA,NA,NA,NA,NA,NA,NA,NA,NA,NA,NA,NA,NA,NA,NA,NA,NA,NA,NA,NA,NA,NA,NA,NA,NA,NA,NA,NA,NA
Sint Maarten (Dutch part),SXM,"Gross graduation ratio from first degree programmes (ISCED 6 and 7) in tertiary education, both sexes (%)",SE.TER.CMPL.ZS,Unit (0.0),NA,NA,NA,NA,NA,NA,NA,NA,NA,NA,NA,NA,NA,NA,NA,NA,NA,NA,NA,NA,NA,NA,NA,NA,NA,NA,NA,NA,NA,NA,NA,NA,NA,NA,NA,NA,NA,NA,NA,NA,NA,NA,NA,NA,NA
Slovak Republic,SVK,"Gross graduation ratio from first degree programmes (ISCED 6 and 7) in tertiary education, both sexes (%)",SE.TER.CMPL.ZS,Unit (0.0),NA,NA,NA,NA,NA,NA,NA,NA,NA,NA,NA,NA,NA,NA,NA,NA,NA,NA,NA,NA,NA,NA,NA,NA,NA,NA,NA,NA,NA,19.9,21.0,24.3,22.7,25.1,27.8,29.7,34.1,38.5,57.0,61.9,49.0,45.7,43.9,NA,NA
Slovenia,SVN,"Gross graduation ratio from first degree programmes (ISCED 6 and 7) in tertiary education, both sexes (%)",SE.TER.CMPL.ZS,Unit (0.0),NA,NA,NA,NA,NA,NA,NA,NA,NA,NA,NA,NA,NA,NA,NA,NA,NA,NA,NA,NA,NA,NA,NA,NA,NA,NA,NA,NA,NA,16.7,16.3,16.2,18.9,18.4,21.0,22.5,24.2,23.5,24.9,29.5,38.0,42.4,52.4,NA,NA
Solomon Islands,SLB,"Gross graduation ratio from first degree programmes (ISCED 6 and 7) in tertiary education, both sexes (%)",SE.TER.CMPL.ZS,Unit (0.0),NA,NA,NA,NA,NA,NA,NA,NA,NA,NA,NA,NA,NA,NA,NA,NA,NA,NA,NA,NA,NA,NA,NA,NA,NA,NA,NA,NA,NA,NA,NA,NA,NA,NA,NA,NA,NA,NA,NA,NA,NA,NA,NA,NA,NA
Somalia,SOM,"Gross graduation ratio from first degree programmes (ISCED 6 and 7) in tertiary education, both sexes (%)",SE.TER.CMPL.ZS,Unit (0.0),NA,NA,NA,NA,NA,NA,NA,NA,NA,NA,NA,NA,NA,NA,NA,NA,NA,NA,NA,NA,NA,NA,NA,NA,NA,NA,NA,NA,NA,NA,NA,NA,NA,NA,NA,NA,NA,NA,NA,NA,NA,NA,NA,NA,NA
South Africa,ZAF,"Gross graduation ratio from first degree programmes (ISCED 6 and 7) in tertiary education, both sexes (%)",SE.TER.CMPL.ZS,Unit (0.0),NA,NA,NA,NA,NA,NA,NA,NA,NA,NA,NA,NA,NA,NA,NA,NA,NA,NA,NA,NA,NA,NA,NA,NA,NA,NA,NA,NA,NA,NA,NA,NA,NA,NA,NA,NA,NA,NA,NA,NA,NA,NA,7.0,NA,NA
South Asia,SAS,"Gross graduation ratio from first degree programmes (ISCED 6 and 7) in tertiary education, both sexes (%)",SE.TER.CMPL.ZS,Unit (0.0),NA,NA,NA,NA,NA,NA,NA,NA,NA,NA,NA,NA,NA,NA,NA,NA,NA,NA,NA,NA,NA,NA,NA,NA,NA,NA,NA,NA,NA,NA,NA,NA,NA,NA,NA,NA,NA,NA,NA,NA,NA,NA,NA,NA,NA
South Sudan,SSD,"Gross graduation ratio from first degree programmes (ISCED 6 and 7) in tertiary education, both sexes (%)",SE.TER.CMPL.ZS,Unit (0.0),NA,NA,NA,NA,NA,NA,NA,NA,NA,NA,NA,NA,NA,NA,NA,NA,NA,NA,NA,NA,NA,NA,NA,NA,NA,NA,NA,NA,NA,NA,NA,NA,NA,NA,NA,NA,NA,NA,NA,NA,NA,NA,NA,NA,NA
Spain,ESP,"Gross graduation ratio from first degree programmes (ISCED 6 and 7) in tertiary education, both sexes (%)",SE.TER.CMPL.ZS,Unit (0.0),NA,NA,NA,NA,NA,NA,NA,NA,NA,NA,NA,NA,NA,NA,NA,NA,NA,NA,NA,NA,NA,NA,NA,NA,NA,NA,NA,NA,NA,34.5,32.7,34.1,35.0,35.7,35.7,35.6,35.5,35.1,36.8,39.2,41.1,46.4,44.8,NA,NA
Sri Lanka,LKA,"Gross graduation ratio from first degree programmes (ISCED 6 and 7) in tertiary education, both sexes (%)",SE.TER.CMPL.ZS,Unit (0.0),NA,NA,NA,NA,NA,NA,NA,NA,NA,NA,NA,NA,NA,NA,NA,NA,NA,NA,NA,NA,NA,NA,NA,NA,NA,NA,NA,NA,2.4,NA,NA,NA,NA,NA,NA,NA,NA,NA,NA,NA,6.3,6.9,4.3,NA,NA
St. Kitts and Nevis,KNA,"Gross graduation ratio from first degree programmes (ISCED 6 and 7) in tertiary education, both sexes (%)",SE.TER.CMPL.ZS,Unit (0.0),NA,NA,NA,NA,NA,NA,NA,NA,NA,NA,NA,NA,NA,NA,NA,NA,NA,NA,NA,NA,NA,NA,NA,NA,NA,NA,NA,NA,NA,NA,NA,NA,NA,NA,NA,NA,NA,NA,NA,NA,NA,NA,NA,NA,NA
St. Lucia,LCA,"Gross graduation ratio from first degree programmes (ISCED 6 and 7) in tertiary education, both sexes (%)",SE.TER.CMPL.ZS,Unit (0.0),NA,NA,NA,NA,NA,NA,NA,NA,NA,NA,NA,NA,NA,NA,NA,NA,NA,NA,NA,NA,NA,NA,NA,NA,NA,NA,NA,NA,NA,NA,NA,NA,NA,NA,NA,3.3,NA,NA,NA,NA,NA,NA,NA,NA,NA
St. Martin (French part),MAF,"Gross graduation ratio from first degree programmes (ISCED 6 and 7) in tertiary education, both sexes (%)",SE.TER.CMPL.ZS,Unit (0.0),NA,NA,NA,NA,NA,NA,NA,NA,NA,NA,NA,NA,NA,NA,NA,NA,NA,NA,NA,NA,NA,NA,NA,NA,NA,NA,NA,NA,NA,NA,NA,NA,NA,NA,NA,NA,NA,NA,NA,NA,NA,NA,NA,NA,NA
St. Vincent and the Grenadines,VCT,"Gross graduation ratio from first degree programmes (ISCED 6 and 7) in tertiary education, both sexes (%)",SE.TER.CMPL.ZS,Unit (0.0),NA,NA,NA,NA,NA,NA,NA,NA,NA,NA,NA,NA,NA,NA,NA,NA,NA,NA,NA,NA,NA,NA,NA,NA,NA,NA,NA,NA,NA,NA,NA,NA,NA,NA,NA,NA,NA,NA,NA,NA,NA,NA,NA,NA,NA
Sub-Saharan Africa (all income levels),SSF,"Gross graduation ratio from first degree programmes (ISCED 6 and 7) in tertiary education, both sexes (%)",SE.TER.CMPL.ZS,Unit (0.0),NA,NA,NA,NA,NA,NA,NA,NA,NA,NA,NA,NA,NA,NA,NA,NA,NA,NA,NA,NA,NA,NA,NA,NA,NA,NA,NA,NA,NA,NA,NA,NA,NA,NA,NA,NA,NA,NA,NA,NA,NA,NA,NA,NA,NA
Sub-Saharan Africa (developing only),SSA,"Gross graduation ratio from first degree programmes (ISCED 6 and 7) in tertiary education, both sexes (%)",SE.TER.CMPL.ZS,Unit (0.0),NA,NA,NA,NA,NA,NA,NA,NA,NA,NA,NA,NA,NA,NA,NA,NA,NA,NA,NA,NA,NA,NA,NA,NA,NA,NA,NA,NA,NA,NA,NA,NA,NA,NA,NA,NA,NA,NA,NA,NA,NA,NA,NA,NA,NA
Sudan,SDN,"Gross graduation ratio from first degree programmes (ISCED 6 and 7) in tertiary education, both sexes (%)",SE.TER.CMPL.ZS,Unit (0.0),NA,NA,NA,NA,NA,NA,NA,NA,NA,NA,NA,NA,NA,NA,NA,NA,NA,NA,NA,NA,NA,NA,NA,NA,NA,NA,NA,NA,NA,NA,NA,NA,NA,NA,NA,NA,NA,NA,NA,NA,NA,NA,10.2,NA,NA
Suriname,SUR,"Gross graduation ratio from first degree programmes (ISCED 6 and 7) in tertiary education, both sexes (%)",SE.TER.CMPL.ZS,Unit (0.0),NA,NA,NA,NA,NA,NA,NA,NA,NA,NA,NA,NA,NA,NA,NA,NA,NA,NA,NA,NA,NA,NA,NA,NA,NA,NA,NA,NA,NA,NA,NA,NA,NA,NA,NA,NA,NA,NA,NA,NA,NA,NA,NA,NA,NA
Swaziland,SWZ,"Gross graduation ratio from first degree programmes (ISCED 6 and 7) in tertiary education, both sexes (%)",SE.TER.CMPL.ZS,Unit (0.0),NA,NA,NA,NA,NA,NA,NA,NA,NA,NA,NA,NA,NA,NA,NA,NA,NA,NA,NA,NA,NA,NA,NA,NA,NA,NA,NA,NA,NA,5.5,5.0,5.4,5.2,NA,4.6,3.8,7.6,NA,NA,NA,NA,NA,NA,8.4,NA
Sweden,SWE,"Gross graduation ratio from first degree programmes (ISCED 6 and 7) in tertiary education, both sexes (%)",SE.TER.CMPL.ZS,Unit (0.0),NA,NA,NA,NA,NA,NA,NA,NA,NA,NA,NA,NA,NA,NA,NA,NA,NA,NA,NA,NA,NA,NA,NA,NA,NA,NA,NA,NA,NA,29.6,32.3,33.2,35.6,38.1,46.5,44.7,46.8,41.7,39.3,35.6,33.8,37.2,33.8,NA,NA
Switzerland,CHE,"Gross graduation ratio from first degree programmes (ISCED 6 and 7) in tertiary education, both sexes (%)",SE.TER.CMPL.ZS,Unit (0.0),NA,NA,NA,NA,NA,NA,NA,NA,NA,NA,NA,NA,NA,NA,NA,NA,NA,NA,NA,NA,NA,NA,NA,NA,NA,NA,NA,NA,NA,21.5,22.9,22.3,21.2,21.3,22.8,25.6,27.7,29.4,30.8,30.1,29.9,29.0,NA,NA,NA
Syrian Arab Republic,SYR,"Gross graduation ratio from first degree programmes (ISCED 6 and 7) in tertiary education, both sexes (%)",SE.TER.CMPL.ZS,Unit (0.0),NA,NA,NA,NA,NA,NA,NA,NA,NA,NA,NA,NA,NA,NA,NA,NA,NA,NA,NA,NA,NA,NA,NA,NA,NA,NA,NA,NA,NA,NA,NA,NA,5.0,5.2,5.1,5.8,6.8,7.4,9.6,9.8,11.1,11.7,NA,NA,NA
Tajikistan,TJK,"Gross graduation ratio from first degree programmes (ISCED 6 and 7) in tertiary education, both sexes (%)",SE.TER.CMPL.ZS,Unit (0.0),NA,NA,NA,NA,NA,NA,NA,NA,NA,NA,NA,NA,NA,NA,NA,NA,NA,NA,NA,NA,NA,NA,NA,NA,NA,NA,NA,NA,NA,NA,NA,NA,NA,NA,NA,10.7,NA,NA,NA,NA,NA,NA,NA,NA,NA
Tanzania,TZA,"Gross graduation ratio from first degree programmes (ISCED 6 and 7) in tertiary education, both sexes (%)",SE.TER.CMPL.ZS,Unit (0.0),NA,NA,NA,NA,NA,NA,NA,NA,NA,NA,NA,NA,NA,NA,NA,NA,NA,NA,NA,NA,NA,NA,NA,NA,NA,NA,NA,NA,NA,0.3,NA,NA,NA,NA,0.4,NA,NA,NA,NA,NA,NA,NA,NA,NA,NA
Thailand,THA,"Gross graduation ratio from first degree programmes (ISCED 6 and 7) in tertiary education, both sexes (%)",SE.TER.CMPL.ZS,Unit (0.0),NA,NA,NA,NA,NA,NA,NA,NA,NA,NA,NA,NA,NA,NA,NA,NA,NA,NA,NA,NA,NA,NA,NA,NA,NA,NA,NA,NA,NA,14.0,14.9,16.6,15.9,27.9,24.3,25.8,28.3,26.7,30.8,NA,NA,NA,NA,NA,NA
Timor-Leste,TMP,"Gross graduation ratio from first degree programmes (ISCED 6 and 7) in tertiary education, both sexes (%)",SE.TER.CMPL.ZS,Unit (0.0),NA,NA,NA,NA,NA,NA,NA,NA,NA,NA,NA,NA,NA,NA,NA,NA,NA,NA,NA,NA,NA,NA,NA,NA,NA,NA,NA,NA,NA,NA,NA,NA,NA,NA,NA,NA,NA,NA,NA,25.6,NA,NA,NA,NA,NA
Togo,TGO,"Gross graduation ratio from first degree programmes (ISCED 6 and 7) in tertiary education, both sexes (%)",SE.TER.CMPL.ZS,Unit (0.0),NA,NA,NA,NA,NA,NA,NA,NA,NA,NA,NA,NA,NA,NA,NA,NA,NA,NA,NA,NA,NA,NA,NA,NA,NA,NA,NA,NA,NA,NA,NA,NA,NA,NA,NA,NA,NA,NA,NA,NA,NA,NA,NA,NA,NA
Tonga,TON,"Gross graduation ratio from first degree programmes (ISCED 6 and 7) in tertiary education, both sexes (%)",SE.TER.CMPL.ZS,Unit (0.0),NA,NA,NA,NA,NA,NA,NA,NA,NA,NA,NA,NA,NA,NA,NA,NA,NA,NA,NA,NA,NA,NA,NA,NA,NA,NA,NA,NA,NA,NA,NA,NA,NA,NA,NA,NA,NA,NA,NA,NA,NA,NA,NA,NA,NA
Trinidad and Tobago,TTO,"Gross graduation ratio from first degree programmes (ISCED 6 and 7) in tertiary education, both sexes (%)",SE.TER.CMPL.ZS,Unit (0.0),NA,NA,NA,NA,NA,NA,NA,NA,NA,NA,NA,NA,NA,NA,NA,NA,NA,NA,NA,NA,NA,NA,NA,NA,NA,NA,NA,NA,NA,4.8,4.9,4.5,4.4,NA,5.1,NA,NA,NA,NA,NA,NA,NA,NA,NA,NA
Tunisia,TUN,"Gross graduation ratio from first degree programmes (ISCED 6 and 7) in tertiary education, both sexes (%)",SE.TER.CMPL.ZS,Unit (0.0),NA,NA,NA,NA,NA,NA,NA,NA,NA,NA,NA,NA,NA,NA,NA,NA,NA,NA,NA,NA,NA,NA,NA,NA,NA,NA,NA,NA,NA,NA,NA,NA,NA,NA,NA,NA,NA,NA,NA,NA,NA,NA,NA,NA,NA
Turkey,TUR,"Gross graduation ratio from first degree programmes (ISCED 6 and 7) in tertiary education, both sexes (%)",SE.TER.CMPL.ZS,Unit (0.0),NA,NA,NA,NA,NA,NA,NA,NA,NA,NA,NA,NA,NA,NA,NA,NA,NA,NA,NA,NA,NA,NA,NA,NA,NA,NA,NA,NA,NA,9.3,9.6,11.3,13.3,14.1,11.3,11.7,15.8,17.5,19.3,20.6,22.9,22.6,27.1,NA,NA
Turkmenistan,TKM,"Gross graduation ratio from first degree programmes (ISCED 6 and 7) in tertiary education, both sexes (%)",SE.TER.CMPL.ZS,Unit (0.0),NA,NA,NA,NA,NA,NA,NA,NA,NA,NA,NA,NA,NA,NA,NA,NA,NA,NA,NA,NA,NA,NA,NA,NA,NA,NA,NA,NA,NA,NA,NA,NA,NA,NA,NA,NA,NA,NA,NA,NA,NA,NA,NA,NA,NA
Turks and Caicos Islands,TCA,"Gross graduation ratio from first degree programmes (ISCED 6 and 7) in tertiary education, both sexes (%)",SE.TER.CMPL.ZS,Unit (0.0),NA,NA,NA,NA,NA,NA,NA,NA,NA,NA,NA,NA,NA,NA,NA,NA,NA,NA,NA,NA,NA,NA,NA,NA,NA,NA,NA,NA,NA,NA,NA,NA,NA,NA,NA,NA,NA,NA,NA,NA,NA,NA,NA,NA,NA
Tuvalu,TUV,"Gross graduation ratio from first degree programmes (ISCED 6 and 7) in tertiary education, both sexes (%)",SE.TER.CMPL.ZS,Unit (0.0),NA,NA,NA,NA,NA,NA,NA,NA,NA,NA,NA,NA,NA,NA,NA,NA,NA,NA,NA,NA,NA,NA,NA,NA,NA,NA,NA,NA,NA,NA,NA,NA,NA,NA,NA,NA,NA,NA,NA,NA,NA,NA,NA,NA,NA
Uganda,UGA,"Gross graduation ratio from first degree programmes (ISCED 6 and 7) in tertiary education, both sexes (%)",SE.TER.CMPL.ZS,Unit (0.0),NA,NA,NA,NA,NA,NA,NA,NA,NA,NA,NA,NA,NA,NA,NA,NA,NA,NA,NA,NA,NA,NA,NA,NA,NA,NA,NA,NA,NA,1.0,1.4,NA,NA,NA,1.9,NA,NA,NA,NA,NA,NA,NA,NA,NA,NA
Ukraine,UKR,"Gross graduation ratio from first degree programmes (ISCED 6 and 7) in tertiary education, both sexes (%)",SE.TER.CMPL.ZS,Unit (0.0),NA,NA,NA,NA,NA,NA,NA,NA,NA,NA,NA,NA,NA,NA,NA,NA,NA,NA,NA,NA,NA,NA,NA,NA,NA,NA,NA,NA,NA,NA,NA,NA,NA,NA,NA,NA,NA,NA,NA,NA,NA,NA,NA,NA,NA
United Arab Emirates,ARE,"Gross graduation ratio from first degree programmes (ISCED 6 and 7) in tertiary education, both sexes (%)",SE.TER.CMPL.ZS,Unit (0.0),NA,NA,NA,NA,NA,NA,NA,NA,NA,NA,NA,NA,NA,NA,NA,NA,NA,NA,NA,NA,NA,NA,NA,NA,NA,NA,NA,NA,NA,NA,NA,NA,NA,NA,NA,NA,NA,NA,NA,NA,NA,NA,NA,NA,NA
United Kingdom,GBR,"Gross graduation ratio from first degree programmes (ISCED 6 and 7) in tertiary education, both sexes (%)",SE.TER.CMPL.ZS,Unit (0.0),NA,NA,NA,NA,NA,NA,NA,NA,NA,NA,NA,NA,NA,NA,NA,NA,NA,NA,NA,NA,NA,NA,NA,NA,NA,NA,NA,NA,38.3,38.8,38.5,38.6,37.7,37.6,37.6,38.6,39.3,39.1,40.5,40.1,42.2,44.7,47.8,NA,NA
United States,USA,"Gross graduation ratio from first degree programmes (ISCED 6 and 7) in tertiary education, both sexes (%)",SE.TER.CMPL.ZS,Unit (0.0),NA,NA,NA,NA,NA,NA,NA,NA,NA,NA,NA,NA,NA,NA,NA,NA,NA,NA,NA,NA,NA,NA,NA,NA,NA,NA,NA,NA,NA,30.9,32.0,31.7,32.2,33.0,33.5,33.7,34.5,35.3,36.1,36.8,NA,38.9,40.1,NA,NA
Upper middle income,UMC,"Gross graduation ratio from first degree programmes (ISCED 6 and 7) in tertiary education, both sexes (%)",SE.TER.CMPL.ZS,Unit (0.0),NA,NA,NA,NA,NA,NA,NA,NA,NA,NA,NA,NA,NA,NA,NA,NA,NA,NA,NA,NA,NA,NA,NA,NA,NA,NA,NA,NA,NA,NA,NA,NA,NA,NA,NA,NA,NA,NA,NA,NA,NA,NA,NA,NA,NA
Uruguay,URY,"Gross graduation ratio from first degree programmes (ISCED 6 and 7) in tertiary education, both sexes (%)",SE.TER.CMPL.ZS,Unit (0.0),NA,NA,NA,NA,NA,NA,NA,NA,NA,NA,NA,NA,NA,NA,NA,NA,NA,NA,NA,NA,NA,NA,NA,NA,NA,NA,NA,NA,6.5,7.1,NA,NA,NA,NA,NA,NA,NA,NA,NA,NA,NA,NA,NA,NA,NA
Uzbekistan,UZB,"Gross graduation ratio from first degree programmes (ISCED 6 and 7) in tertiary education, both sexes (%)",SE.TER.CMPL.ZS,Unit (0.0),NA,NA,NA,NA,NA,NA,NA,NA,NA,NA,NA,NA,NA,NA,NA,NA,NA,NA,NA,NA,NA,NA,NA,NA,NA,NA,NA,NA,NA,NA,NA,NA,NA,NA,NA,NA,10.1,NA,11.8,12.9,10.5,11.5,NA,NA,NA
Vanuatu,VUT,"Gross graduation ratio from first degree programmes (ISCED 6 and 7) in tertiary education, both sexes (%)",SE.TER.CMPL.ZS,Unit (0.0),NA,NA,NA,NA,NA,NA,NA,NA,NA,NA,NA,NA,NA,NA,NA,NA,NA,NA,NA,NA,NA,NA,NA,NA,NA,NA,NA,NA,NA,NA,NA,NA,NA,NA,NA,NA,NA,NA,NA,NA,NA,NA,NA,NA,NA
"Venezuela, RB",VEN,"Gross graduation ratio from first degree programmes (ISCED 6 and 7) in tertiary education, both sexes (%)",SE.TER.CMPL.ZS,Unit (0.0),NA,NA,NA,NA,NA,NA,NA,NA,NA,NA,NA,NA,NA,NA,NA,NA,NA,NA,NA,NA,NA,NA,NA,NA,NA,NA,NA,NA,NA,NA,7.3,NA,11.6,NA,11.6,NA,NA,NA,NA,18.3,NA,NA,NA,NA,NA
Vietnam,VNM,"Gross graduation ratio from first degree programmes (ISCED 6 and 7) in tertiary education, both sexes (%)",SE.TER.CMPL.ZS,Unit (0.0),NA,NA,NA,NA,NA,NA,NA,NA,NA,NA,NA,NA,NA,NA,NA,NA,NA,NA,NA,NA,NA,NA,NA,NA,NA,NA,NA,NA,NA,NA,NA,NA,NA,NA,NA,NA,NA,NA,NA,NA,NA,NA,14.1,NA,NA
Virgin Islands (U.S.),VIR,"Gross graduation ratio from first degree programmes (ISCED 6 and 7) in tertiary education, both sexes (%)",SE.TER.CMPL.ZS,Unit (0.0),NA,NA,NA,NA,NA,NA,NA,NA,NA,NA,NA,NA,NA,NA,NA,NA,NA,NA,NA,NA,NA,NA,NA,NA,NA,NA,NA,NA,NA,NA,NA,NA,NA,NA,NA,NA,NA,NA,NA,NA,NA,NA,NA,NA,NA
West Bank and Gaza,WBG,"Gross graduation ratio from first degree programmes (ISCED 6 and 7) in tertiary education, both sexes (%)",SE.TER.CMPL.ZS,Unit (0.0),NA,NA,NA,NA,NA,NA,NA,NA,NA,NA,NA,NA,NA,NA,NA,NA,NA,NA,NA,NA,NA,NA,NA,NA,NA,NA,NA,NA,NA,10.4,13.0,14.9,NA,15.4,15.2,NA,NA,24.4,27.5,29.7,30.6,30.7,30.8,30.0,NA
World,WLD,"Gross graduation ratio from first degree programmes (ISCED 6 and 7) in tertiary education, both sexes (%)",SE.TER.CMPL.ZS,Unit (0.0),NA,NA,NA,NA,NA,NA,NA,NA,NA,NA,NA,NA,NA,NA,NA,NA,NA,NA,NA,NA,NA,NA,NA,NA,NA,NA,NA,NA,NA,NA,NA,NA,NA,NA,NA,NA,NA,NA,NA,NA,NA,NA,NA,NA,NA
"Yemen, Rep.",YEM,"Gross graduation ratio from first degree programmes (ISCED 6 and 7) in tertiary education, both sexes (%)",SE.TER.CMPL.ZS,Unit (0.0),NA,NA,NA,NA,NA,NA,NA,NA,NA,NA,NA,NA,NA,NA,NA,NA,NA,NA,NA,NA,NA,NA,NA,NA,NA,NA,NA,NA,NA,NA,NA,NA,NA,NA,NA,NA,NA,NA,NA,NA,NA,NA,NA,NA,NA
Zambia,ZMB,"Gross graduation ratio from first degree programmes (ISCED 6 and 7) in tertiary education, both sexes (%)",SE.TER.CMPL.ZS,Unit (0.0),NA,NA,NA,NA,NA,NA,NA,NA,NA,NA,NA,NA,NA,NA,NA,NA,NA,NA,NA,NA,NA,NA,NA,NA,NA,NA,NA,NA,NA,NA,NA,NA,NA,NA,NA,NA,NA,NA,NA,NA,NA,NA,NA,NA,NA
Zimbabwe,ZWE,"Gross graduation ratio from first degree programmes (ISCED 6 and 7) in tertiary education, both sexes (%)",SE.TER.CMPL.ZS,Unit (0.0),NA,NA,NA,NA,NA,NA,NA,NA,NA,NA,NA,NA,NA,NA,NA,NA,NA,NA,NA,NA,NA,NA,NA,NA,NA,NA,NA,NA,NA,NA,NA,NA,NA,NA,NA,NA,NA,NA,NA,NA,NA,NA,NA,NA,NA
,,,,,,,,,,,,,,,,,,,,,,,,,,,,,,,,,,,,,,,,,,,,,,,,,
,,,,,,,,,,,,,,,,,,,,,,,,,,,,,,,,,,,,,,,,,,,,,,,,,
,,,,,,,,,,,,,,,,,,,,,,,,,,,,,,,,,,,,,,,,,,,,,,,,,
Data from database: Education Statistics: Core Indicators,,,,,,,,,,,,,,,,,,,,,,,,,,,,,,,,,,,,,,,,,,,,,,,,,
Last Updated: 04/16/2015,,,,,,,,,,,,,,,,,,,,,,,,,,,,,,,,,,,,,,,,,,,,,,,,,
